event_id,deputado_id,is_switcher,post,conf
sw_0,109429,1,0,0.3641507444750746
sw_0,109429,1,1,0.37467536092698256
sw_1,116663,1,0,0.4741741828823612
sw_1,116663,1,1,0.5689922768593374
sw_2,122158,1,0,0.394844038869005
sw_2,122158,1,1,0.2943581459067855
sw_3,133374,1,0,0.28196157795890375
sw_3,133374,1,1,0.22625109995712503
sw_4,133374,1,0,0.6193334852352317
sw_4,133374,1,1,0.5555442717927555
sw_5,133374,1,0,0.24950900673771417
sw_5,133374,1,1,0.20807364723764857
sw_6,133440,1,0,0.3039388629699122
sw_6,133440,1,1,0.25889862701110133
sw_7,136811,1,0,0.2843633333778971
sw_7,136811,1,1,0.2068838531455613
sw_8,137070,1,0,0.559496104542018
sw_8,137070,1,1,0.5038376166537151
sw_9,141383,1,0,0.29639852327802513
sw_9,141383,1,1,0.28049759893837173
sw_10,141391,1,0,0.6046744781945028
sw_10,141391,1,1,0.7041902608266704
sw_11,141408,1,0,0.3245614618809107
sw_11,141408,1,1,0.469262469234133
sw_12,141427,1,0,0.5997461534565601
sw_12,141427,1,1,0.5032149887928127
sw_13,141427,1,0,0.26512074354856435
sw_13,141427,1,1,0.2833610875690186
sw_14,141430,1,0,0.2526230287004726
sw_14,141430,1,1,0.32907737802254977
sw_15,141435,1,0,0.35162174276908614
sw_15,141435,1,1,0.22522777119183557
sw_16,141439,1,0,0.6295194164778556
sw_16,141439,1,1,0.7777143742861281
sw_17,141442,1,0,0.4187271000936427
sw_17,141442,1,1,0.3241992944432481
sw_18,141447,1,0,0.33807019948582867
sw_18,141447,1,1,0.35877026412166296
sw_19,141448,1,0,0.2281565156024226
sw_19,141448,1,1,0.44265508274996923
sw_20,141450,1,0,0.2612853905724091
sw_20,141450,1,1,0.2405247780724629
sw_21,141450,1,0,0.32338771651240406
sw_21,141450,1,1,0.32878342846259645
sw_22,141454,1,0,0.3096246138148656
sw_22,141454,1,1,0.4130057231701492
sw_23,141454,1,0,0.42585380895796765
sw_23,141454,1,1,0.39514201061505877
sw_24,141460,1,0,0.3524353700722654
sw_24,141460,1,1,0.33876868771789775
sw_25,141476,1,0,0.2096930819324454
sw_25,141476,1,1,0.23686653537441443
sw_26,141478,1,0,0.27677973070316075
sw_26,141478,1,1,0.2083548908812395
sw_27,141490,1,0,0.4726360789856967
sw_27,141490,1,1,0.6245914658195895
sw_28,141495,1,0,0.32449890452444297
sw_28,141495,1,1,0.28531444582758675
sw_29,141496,1,0,0.459332574250666
sw_29,141496,1,1,0.33373139774849064
sw_30,141496,1,0,0.43228905278994195
sw_30,141496,1,1,0.4432225555744253
sw_31,141496,1,0,0.4390443596699561
sw_31,141496,1,1,0.4305475809952909
sw_32,141530,1,0,0.32338499491830763
sw_32,141530,1,1,0.2672848922339659
sw_33,141535,1,0,0.4030412021172284
sw_33,141535,1,1,0.5414266575435406
sw_34,141537,1,0,0.3298259295590445
sw_34,141537,1,1,0.2702910035720196
sw_35,141540,1,0,0.48125462714918843
sw_35,141540,1,1,0.2784152515713421
sw_36,141546,1,0,0.26389942095799657
sw_36,141546,1,1,0.2549345494908095
sw_37,141552,1,0,0.5363030969629519
sw_37,141552,1,1,0.4588770972526302
sw_38,141552,1,0,0.2538656958431961
sw_38,141552,1,1,0.48165733700817304
sw_39,141555,1,0,0.3133372328176062
sw_39,141555,1,1,0.3788111217515123
sw_40,141563,1,0,0.25812068608683564
sw_40,141563,1,1,0.29485602040026804
sw_41,143084,1,0,0.13122409907312954
sw_41,143084,1,1,0.16646524867038334
sw_42,147975,1,0,0.2567589382217836
sw_42,147975,1,1,0.46810261242752704
sw_43,148134,1,0,0.6093638790099837
sw_43,148134,1,1,0.46581751803981636
sw_44,149327,1,0,0.21894917120465632
sw_44,149327,1,1,0.24421841272921693
sw_45,150418,1,0,0.07317721833867727
sw_45,150418,1,1,0.17548204762810854
sw_46,151208,1,0,0.33121152603224174
sw_46,151208,1,1,0.239205949276836
sw_47,151208,1,0,0.3305305353813035
sw_47,151208,1,1,0.2725559672279516
sw_48,154919,1,0,0.2372282139976111
sw_48,154919,1,1,0.28834984875438685
sw_49,160318,1,0,0.14286097776648543
sw_49,160318,1,1,0.19537720739659853
sw_50,160509,1,0,0.5647882210698854
sw_50,160509,1,1,0.5588386662461904
sw_51,160511,1,0,0.5445798517896666
sw_51,160511,1,1,0.5677516434525192
sw_52,160511,1,0,0.6107694889597024
sw_52,160511,1,1,0.6249841531740983
sw_53,160527,1,0,0.30793668602931623
sw_53,160527,1,1,0.33035744273315726
sw_54,160531,1,0,0.29094275219966165
sw_54,160531,1,1,0.45372055296079905
sw_55,160533,1,0,0.20481235462158195
sw_55,160533,1,1,0.2452529301605903
sw_56,160541,1,0,0.3253512962752963
sw_56,160541,1,1,0.2912517279725778
sw_57,160544,1,0,0.22377667111203667
sw_57,160544,1,1,0.2514254681122513
sw_58,160544,1,0,0.5221844450273415
sw_58,160544,1,1,0.4283289231389048
sw_59,160546,1,0,0.3429562843504009
sw_59,160546,1,1,0.24823166773738417
sw_60,160546,1,0,0.2777859902993267
sw_60,160546,1,1,0.26117416114209463
sw_61,160559,1,0,0.300637681623993
sw_61,160559,1,1,0.2904523404806191
sw_62,160563,1,0,0.21503389662733494
sw_62,160563,1,1,0.22832728311003092
sw_63,160597,1,0,0.41723759464031135
sw_63,160597,1,1,0.324551268245287
sw_64,160600,1,0,0.21162171974428282
sw_64,160600,1,1,0.24830804553632238
sw_65,160600,1,0,0.24464311139971845
sw_65,160600,1,1,0.2643442404187819
sw_66,160600,1,0,0.2773188677290718
sw_66,160600,1,1,0.34512075219717664
sw_67,160601,1,0,0.3757015668793575
sw_67,160601,1,1,0.3418937771711622
sw_68,160619,1,0,0.3026836896273481
sw_68,160619,1,1,0.24803937468962667
sw_69,160621,1,0,0.48382704186401193
sw_69,160621,1,1,0.43142347174494755
sw_70,160632,1,0,0.6303705337297774
sw_70,160632,1,1,0.694775682841949
sw_71,160632,1,0,0.18156562548201913
sw_71,160632,1,1,0.18082175725457122
sw_72,160636,1,0,0.25546545709698587
sw_72,160636,1,1,0.26256760192682627
sw_73,160637,1,0,0.30064003726171573
sw_73,160637,1,1,0.26469251775370467
sw_74,160641,1,0,0.6071110823625283
sw_74,160641,1,1,0.6824838504242015
sw_75,160643,1,0,0.6506664705147375
sw_75,160643,1,1,0.5025724171954846
sw_76,160646,1,0,0.2339024673676999
sw_76,160646,1,1,0.19523685472175528
sw_77,160653,1,0,0.47841963622204026
sw_77,160653,1,1,0.44425198449470715
sw_78,160653,1,0,0.2944261539253774
sw_78,160653,1,1,0.3911232472277846
sw_79,160661,1,0,0.31348559912822577
sw_79,160661,1,1,0.25770223681215315
sw_80,160665,1,0,0.27050406897024026
sw_80,160665,1,1,0.20048332666921564
sw_81,160665,1,0,0.37422076448463704
sw_81,160665,1,1,0.4186493481427122
sw_82,160665,1,0,0.23900625827025834
sw_82,160665,1,1,0.2577854075667169
sw_83,160667,1,0,0.20141854257894629
sw_83,160667,1,1,0.2647169117541015
sw_84,160673,1,0,0.5982233948347556
sw_84,160673,1,1,0.5979036201157109
sw_85,160673,1,0,0.3731703537498511
sw_85,160673,1,1,0.39380336007270955
sw_86,160674,1,0,0.2911742510834106
sw_86,160674,1,1,0.15973820393083987
sw_87,160677,1,0,0.31422498754777406
sw_87,160677,1,1,0.3539939041219731
sw_88,160974,1,0,0.13638531000434112
sw_88,160974,1,1,0.18523539979069614
sw_89,161550,1,0,0.44445563891764667
sw_89,161550,1,1,0.3889991582497136
sw_90,161904,1,0,0.265744013382678
sw_90,161904,1,1,0.24224428690720146
sw_91,164360,1,0,0.49985281452653874
sw_91,164360,1,1,0.6074719630746759
sw_92,167722,1,0,0.5851880737649849
sw_92,167722,1,1,0.4407474818840522
sw_93,168175,1,0,0.38065455433937034
sw_93,168175,1,1,0.5490668248684296
sw_94,168175,1,0,0.382582947230859
sw_94,168175,1,1,0.29426426385206167
sw_95,177282,1,0,0.7610139162103158
sw_95,177282,1,1,0.46429101038871295
sw_96,178829,1,0,0.33113403303987454
sw_96,178829,1,1,0.41616297511870215
sw_97,178842,1,0,0.31306391149701235
sw_97,178842,1,1,0.29079899030747597
sw_98,178843,1,0,0.30472654858323267
sw_98,178843,1,1,0.27004540328124654
sw_99,178852,1,0,0.6070268403738261
sw_99,178852,1,1,0.20238802723657712
sw_100,178861,1,0,0.3436357797512922
sw_100,178861,1,1,0.3936238290404148
sw_101,178868,1,0,0.7564875711256716
sw_101,178868,1,1,0.7345034964950914
sw_102,178868,1,0,0.22996710663336026
sw_102,178868,1,1,0.1981187366220754
sw_103,178869,1,0,0.3077066798133335
sw_103,178869,1,1,0.31647719190285706
sw_104,178870,1,0,0.461180217043112
sw_104,178870,1,1,0.2478671519093548
sw_105,178871,1,0,0.5497209123972719
sw_105,178871,1,1,0.6271016978157002
sw_106,178871,1,0,0.12967904009258738
sw_106,178871,1,1,0.15541767124021993
sw_107,178872,1,0,0.7645553749905118
sw_107,178872,1,1,0.8804795948892942
sw_108,178881,1,0,0.35256436834737725
sw_108,178881,1,1,0.7232035511448841
sw_109,178883,1,0,0.4893637113959084
sw_109,178883,1,1,0.34933014547385693
sw_110,178883,1,0,0.4680136293603883
sw_110,178883,1,1,0.39340465152720366
sw_111,178887,1,0,0.7459316779778101
sw_111,178887,1,1,0.6345671989835452
sw_112,178888,1,0,0.3306980922411462
sw_112,178888,1,1,0.2789121903925624
sw_113,178898,1,0,0.4606412710008166
sw_113,178898,1,1,0.44232270363078946
sw_114,178905,1,0,0.5723665915715448
sw_114,178905,1,1,0.5704394003342436
sw_115,178916,1,0,0.294892024146112
sw_115,178916,1,1,0.299347009588706
sw_116,178916,1,0,0.4841125376150247
sw_116,178916,1,1,0.5657213874066929
sw_117,178927,1,0,0.6353922237010957
sw_117,178927,1,1,0.49149061898185964
sw_118,178927,1,0,0.5744334768790911
sw_118,178927,1,1,0.5442390224824243
sw_119,178927,1,0,0.51319236968518
sw_119,178927,1,1,0.520889405350368
sw_120,178929,1,0,0.2838040859875287
sw_120,178929,1,1,0.4547640625874184
sw_121,178938,1,0,0.43349729666187986
sw_121,178938,1,1,0.2731366465431971
sw_122,178945,1,0,0.4915865654189139
sw_122,178945,1,1,0.2923481801090488
sw_123,178946,1,0,0.2626018498960464
sw_123,178946,1,1,0.19555842848863134
sw_124,178946,1,0,0.29830772328143623
sw_124,178946,1,1,0.3539506481237357
sw_125,178947,1,0,0.33188925962174926
sw_125,178947,1,1,0.3696955828093011
sw_126,178951,1,0,0.364351905859597
sw_126,178951,1,1,0.34378938001527387
sw_127,178953,1,0,0.1896520523971723
sw_127,178953,1,1,0.16505481327815943
sw_128,178965,1,0,0.5498274013974324
sw_128,178965,1,1,0.6044752329054949
sw_129,178972,1,0,0.4069342451042447
sw_129,178972,1,1,0.45956083436654166
sw_130,178978,1,0,0.46150467270244927
sw_130,178978,1,1,0.45994108889216373
sw_131,178981,1,0,0.5030273731899665
sw_131,178981,1,1,0.5720036328884832
sw_132,178981,1,0,0.22218702730589812
sw_132,178981,1,1,0.16692334705471187
sw_133,178983,1,0,0.312374146989967
sw_133,178983,1,1,0.32411792513425486
sw_134,178993,1,0,0.4804367034346296
sw_134,178993,1,1,0.3286644657410094
sw_135,178997,1,0,0.4119742823665436
sw_135,178997,1,1,0.43815900406161506
sw_136,178997,1,0,0.3829742537996531
sw_136,178997,1,1,0.2684530786404421
sw_137,178998,1,0,0.27073867098244303
sw_137,178998,1,1,0.3102127133617201
sw_138,186775,1,0,0.4605576623667104
sw_138,186775,1,1,0.35671167754629046
sw_139,187008,1,0,0.2025427416878057
sw_139,187008,1,1,0.21300144049091504
sw_140,195143,1,0,0.33848949070427725
sw_140,195143,1,1,0.289530879202524
sw_141,200153,1,0,0.16242889284886763
sw_141,200153,1,1,0.23599842535619892
sw_142,204353,1,0,0.16159863549115677
sw_142,204353,1,1,0.18962465714642313
sw_143,204355,1,0,0.46644317064652213
sw_143,204355,1,1,0.5370671345318339
sw_144,204364,1,0,0.2213844566886582
sw_144,204364,1,1,0.2485719822589091
sw_145,204369,1,0,0.4751337195714158
sw_145,204369,1,1,0.34653806054533365
sw_146,204373,1,0,0.2254585425755813
sw_146,204373,1,1,0.30370783174874727
sw_147,204374,1,0,0.41263370891468026
sw_147,204374,1,1,0.3530612452058382
sw_148,204377,1,0,0.4377084546518993
sw_148,204377,1,1,0.5031559624722465
sw_149,204378,1,0,0.5667475990340968
sw_149,204378,1,1,0.533003650267606
sw_150,204381,1,0,0.5532454481946674
sw_150,204381,1,1,0.47175613926684606
sw_151,204383,1,0,0.6120573516934353
sw_151,204383,1,1,0.5766399513510136
sw_152,204388,1,0,0.46892664321940675
sw_152,204388,1,1,0.37024968968384203
sw_153,204391,1,0,0.27372557163676275
sw_153,204391,1,1,0.299552691574104
sw_154,204400,1,0,0.534198877670868
sw_154,204400,1,1,0.549588531591069
sw_155,204411,1,0,0.39829929813648723
sw_155,204411,1,1,0.39746757157841556
sw_156,204414,1,0,0.32966084862070905
sw_156,204414,1,1,0.36595554227275
sw_157,204441,1,0,0.31298781437753637
sw_157,204441,1,1,0.27039820865364317
sw_158,204455,1,0,0.3375505778175121
sw_158,204455,1,1,0.2965072227148573
sw_159,204460,1,0,0.28736670020974514
sw_159,204460,1,1,0.34605593070249213
sw_160,204466,1,0,0.18618765400395826
sw_160,204466,1,1,0.19187640065091344
sw_161,204472,1,0,0.24240382596831253
sw_161,204472,1,1,0.30281494668989034
sw_162,204473,1,0,0.3840813861966373
sw_162,204473,1,1,0.4051392941856838
sw_163,204481,1,0,0.32362125583611157
sw_163,204481,1,1,0.40724369573242813
sw_164,204514,1,0,0.34806052287833567
sw_164,204514,1,1,0.31814072841483226
sw_165,204520,1,0,0.2710879031934625
sw_165,204520,1,1,0.3546655235551583
sw_166,204534,1,0,0.47797523849417045
sw_166,204534,1,1,0.577378528161948
sw_167,204544,1,0,0.4296390794644211
sw_167,204544,1,1,0.2724693229591793
sw_168,204545,1,0,0.3328219917760807
sw_168,204545,1,1,0.32707813736092023
sw_169,204546,1,0,0.3631466697379864
sw_169,204546,1,1,0.41742175763539435
sw_170,204556,1,0,0.2695409129832435
sw_170,204556,1,1,0.3052348668844158
sw_171,204556,1,0,0.25505263221939983
sw_171,204556,1,1,0.34326825530122446
sw_172,204572,1,0,0.46769825314372476
sw_172,204572,1,1,0.3793158811221221
sw_173,204572,1,0,0.334138584539595
sw_173,204572,1,1,0.3727330434944899
sw_174,204576,1,0,0.3076275285023117
sw_174,204576,1,1,0.3616188397308829
sw_175,213274,1,0,0.38987643674249906
sw_175,213274,1,1,0.31909559163833745
sw_176,4927,1,0,0.18642603220736914
sw_176,4927,1,1,0.2349061020387555
sw_177,4930,1,0,0.28998927210389547
sw_177,4930,1,1,0.26038100625756616
sw_178,4930,1,0,0.24418836017605428
sw_178,4930,1,1,0.1881966947212074
sw_179,4931,1,0,0.20252865665990955
sw_179,4931,1,1,0.19967417201427168
sw_180,62881,1,0,0.207920968936604
sw_180,62881,1,1,0.20878845231789595
sw_181,64960,1,0,0.3201805289243255
sw_181,64960,1,1,0.22534132491694225
sw_182,64960,1,0,0.45890090120751126
sw_182,64960,1,1,0.5053007725381934
sw_183,65551,1,0,0.6401121175089353
sw_183,65551,1,1,0.5104193276940102
sw_184,65551,1,0,0.168101891889953
sw_184,65551,1,1,0.1294215821347907
sw_185,66828,1,0,0.2973105195932983
sw_185,66828,1,1,0.30390812017833735
sw_186,67138,1,0,0.12020088001534585
sw_186,67138,1,1,0.1646218287562251
sw_187,68731,1,0,0.42792336499969297
sw_187,68731,1,1,0.38518339801781454
sw_188,69871,1,0,0.23402183378377378
sw_188,69871,1,1,0.23430906010082908
sw_189,72912,1,0,0.21350136523731603
sw_189,72912,1,1,0.21324377058708416
sw_190,73416,1,0,0.425834385764573
sw_190,73416,1,1,0.3232074478512868
sw_191,73424,1,0,0.3184153649544658
sw_191,73424,1,1,0.28030227992178536
sw_192,73434,1,0,0.27424811979505737
sw_192,73434,1,1,0.25930878448386613
sw_193,73437,1,0,0.28371820277281656
sw_193,73437,1,1,0.22113166887044566
sw_194,73437,1,0,0.24184556458422013
sw_194,73437,1,1,0.29686546210215775
sw_195,73441,1,0,0.38829089073423606
sw_195,73441,1,1,0.5947423302911283
sw_196,73460,1,0,0.4992265172800229
sw_196,73460,1,1,0.3633396815832224
sw_197,73466,1,0,0.37846969637535693
sw_197,73466,1,1,0.4636455196353266
sw_198,73472,1,0,0.13492249701008877
sw_198,73472,1,1,0.184501500653095
sw_199,73472,1,0,0.17426149136692742
sw_199,73472,1,1,0.2042719708755954
sw_200,73483,1,0,0.16664568741524785
sw_200,73483,1,1,0.2706039071622692
sw_201,73507,1,0,0.36346083913025634
sw_201,73507,1,1,0.39756319316721084
sw_202,73531,1,0,0.7654438570837706
sw_202,73531,1,1,0.7230890694176656
sw_203,73542,1,0,0.33238445373369985
sw_203,73542,1,1,0.3436152829551863
sw_204,73542,1,0,0.23488734561660968
sw_204,73542,1,1,0.16268934588468895
sw_205,73574,1,0,0.23006806023775064
sw_205,73574,1,1,0.23357873410505167
sw_206,73579,1,0,0.3688264209310047
sw_206,73579,1,1,0.3057974195648597
sw_207,73579,1,0,0.25803741782681194
sw_207,73579,1,1,0.26428110456806214
sw_208,73586,1,0,0.5212598363335088
sw_208,73586,1,1,0.47387587479361504
sw_209,73586,1,0,0.5994040045975926
sw_209,73586,1,1,0.5053116811561487
sw_210,73603,1,0,0.6802667857495532
sw_210,73603,1,1,0.6685397851975399
sw_211,73653,1,0,0.23921646364324461
sw_211,73653,1,1,0.23042632083803438
sw_212,73655,1,0,0.5161905691346528
sw_212,73655,1,1,0.5692542800241422
sw_213,73663,1,0,0.5141902088212118
sw_213,73663,1,1,0.5564380017069717
sw_214,73666,1,0,0.338490082204433
sw_214,73666,1,1,0.436189798190656
sw_215,73676,1,0,0.26210644686223333
sw_215,73676,1,1,0.19621478856125016
sw_216,73676,1,0,0.27856893522388443
sw_216,73676,1,1,0.18939823825127916
sw_217,73682,1,0,0.6544940715688943
sw_217,73682,1,1,0.6239486173689668
sw_218,73682,1,0,0.2419609590059717
sw_218,73682,1,1,0.23806011592845752
sw_219,73788,1,0,0.29303097107130904
sw_219,73788,1,1,0.270757399378464
sw_220,73808,1,0,0.19685602050770964
sw_220,73808,1,1,0.49690035381338277
sw_221,73825,1,0,0.2876142303068405
sw_221,73825,1,1,0.3050481881328262
sw_222,73875,1,0,0.15293511592289383
sw_222,73875,1,1,0.1541271845741434
sw_223,73883,1,0,0.33630040862166133
sw_223,73883,1,1,0.25007967009328413
sw_224,73889,1,0,0.32853910619570614
sw_224,73889,1,1,0.2773758744847414
sw_225,73891,1,0,0.2860858920453938
sw_225,73891,1,1,0.24720933329148792
sw_226,73932,1,0,0.3441421306413176
sw_226,73932,1,1,0.27535017564000575
sw_227,73933,1,0,0.33000874586862516
sw_227,73933,1,1,0.31590066538186085
sw_228,73933,1,0,0.32945834562163817
sw_228,73933,1,1,0.2877571905051882
sw_229,73933,1,0,0.30395976514446255
sw_229,73933,1,1,0.3266730235459196
sw_230,73933,1,0,0.31458697530813046
sw_230,73933,1,1,0.3140772129676187
sw_231,73933,1,0,0.21224084414308522
sw_231,73933,1,1,0.21730851040927301
sw_232,73933,1,0,0.36731857239877147
sw_232,73933,1,1,0.32748040325023103
sw_233,73934,1,0,0.29851789094955444
sw_233,73934,1,1,0.2937571605375283
sw_234,73934,1,0,0.31962474227367144
sw_234,73934,1,1,0.3199184327656695
sw_235,73934,1,0,0.3209095684910832
sw_235,73934,1,1,0.3177667030509725
sw_236,73934,1,0,0.29022655867626984
sw_236,73934,1,1,0.3287523371968964
sw_237,73934,1,0,0.3603480173912625
sw_237,73934,1,1,0.35834349412588795
sw_238,73936,1,0,0.5750099624946632
sw_238,73936,1,1,0.5789902133101535
sw_239,73936,1,0,0.2586559717684717
sw_239,73936,1,1,0.17999086357744618
sw_240,73942,1,0,0.5264486615968548
sw_240,73942,1,1,0.4476591431946545
sw_241,73979,1,0,0.37367569069625917
sw_241,73979,1,1,0.3786109606994739
sw_242,73979,1,0,0.26798270407810443
sw_242,73979,1,1,0.32838735317763135
sw_243,73979,1,0,0.37367569069625917
sw_243,73979,1,1,0.3786109606994739
sw_244,73979,1,0,0.3977978431403952
sw_244,73979,1,1,0.30486355313372476
sw_245,73981,1,0,0.32958372665986685
sw_245,73981,1,1,0.30211686659761544
sw_246,73982,1,0,0.2738278962236006
sw_246,73982,1,1,0.23219379215973035
sw_247,74010,1,0,0.42385700785801733
sw_247,74010,1,1,0.30438430925840354
sw_248,74016,1,0,0.3263470720845566
sw_248,74016,1,1,0.29669927894642545
sw_249,74016,1,0,0.3090877566896145
sw_249,74016,1,1,0.3137761274303851
sw_250,74016,1,0,0.3275620524281621
sw_250,74016,1,1,0.30427193158254096
sw_251,74024,1,0,0.4511707910460018
sw_251,74024,1,1,0.37341783308883514
sw_252,74031,1,0,0.7677927702064729
sw_252,74031,1,1,0.7174737061095475
sw_253,74032,1,0,0.2843406457815498
sw_253,74032,1,1,0.2605129725090439
sw_254,74039,1,0,0.3269990066654088
sw_254,74039,1,1,0.27720960316737125
sw_255,74040,1,0,0.3120647713081653
sw_255,74040,1,1,0.31981713052825483
sw_256,74040,1,0,0.32525293322387416
sw_256,74040,1,1,0.3752723722885301
sw_257,74047,1,0,0.6926024609390378
sw_257,74047,1,1,0.6539402172992987
sw_258,74050,1,0,0.694073503612936
sw_258,74050,1,1,0.48859687447604816
sw_259,74051,1,0,0.276293388182041
sw_259,74051,1,1,0.2452675540018171
sw_260,74059,1,0,0.5678104954448714
sw_260,74059,1,1,0.6754264376029296
sw_261,74063,1,0,0.22730834597654428
sw_261,74063,1,1,0.26389592687985014
sw_262,74066,1,0,0.5855535330165813
sw_262,74066,1,1,0.3993599416063299
sw_263,74066,1,0,0.27022371369919623
sw_263,74066,1,1,0.4491135056382389
sw_264,74070,1,0,0.23021162025282643
sw_264,74070,1,1,0.27032177463419554
sw_265,74070,1,0,0.2365352115814035
sw_265,74070,1,1,0.2860531441225838
sw_266,74090,1,0,0.5115677292567613
sw_266,74090,1,1,0.5166814360320778
sw_267,74090,1,0,0.2154309321432168
sw_267,74090,1,1,0.17350845260589667
sw_268,74106,1,0,0.6068661544512618
sw_268,74106,1,1,0.46717018491834683
sw_269,74111,1,0,0.3290236648874127
sw_269,74111,1,1,0.38871877098317525
sw_270,74140,1,0,0.29182970673811587
sw_270,74140,1,1,0.2837272395878203
sw_271,74140,1,0,0.3190801631567765
sw_271,74140,1,1,0.221125694854228
sw_272,74142,1,0,0.14332039515614575
sw_272,74142,1,1,0.1522707783278665
sw_273,74143,1,0,0.29989684481232265
sw_273,74143,1,1,0.23296412530385163
sw_274,74143,1,0,0.27535606712364
sw_274,74143,1,1,0.21753656498399232
sw_275,74143,1,0,0.1894129368922782
sw_275,74143,1,1,0.19737037165316604
sw_276,74148,1,0,0.41594079599375694
sw_276,74148,1,1,0.3760376451132567
sw_277,74148,1,0,0.35352987470920494
sw_277,74148,1,1,0.26269253227591155
sw_278,74150,1,0,0.2388978883008583
sw_278,74150,1,1,0.21547021858624898
sw_279,74163,1,0,0.6441522403093732
sw_279,74163,1,1,0.6887928225015929
sw_280,74163,1,0,0.2048025304511123
sw_280,74163,1,1,0.2902077415776966
sw_281,74163,1,0,0.2416624299217917
sw_281,74163,1,1,0.21959517215853316
sw_282,74165,1,0,0.13992161274269657
sw_282,74165,1,1,0.19048942675419628
sw_283,74165,1,0,0.3623924248253204
sw_283,74165,1,1,0.22422597767418198
sw_284,74167,1,0,0.30866891072883246
sw_284,74167,1,1,0.22163030594830868
sw_285,74167,1,0,0.2931647174142096
sw_285,74167,1,1,0.2863550319609404
sw_286,74167,1,0,0.2968498453725192
sw_286,74167,1,1,0.28756845478487975
sw_287,74169,1,0,0.5519845650749744
sw_287,74169,1,1,0.4435657928216592
sw_288,74170,1,0,0.3367695594537534
sw_288,74170,1,1,0.2516693551673239
sw_289,74170,1,0,0.3367695594537534
sw_289,74170,1,1,0.2516693551673239
sw_290,74170,1,0,0.304828509617304
sw_290,74170,1,1,0.22046799653378746
sw_291,74171,1,0,0.6923240173124183
sw_291,74171,1,1,0.6527772985987338
sw_292,74172,1,0,0.5042144492746031
sw_292,74172,1,1,0.44073702113640156
sw_293,74172,1,0,0.31082594626495086
sw_293,74172,1,1,0.28609972204624595
sw_294,74172,1,0,0.3062326643066911
sw_294,74172,1,1,0.40307877300200007
sw_295,74176,1,0,0.31161186489187304
sw_295,74176,1,1,0.36650792135847743
sw_296,74197,1,0,0.6493804915148184
sw_296,74197,1,1,0.5852996969146809
sw_297,74197,1,0,0.2792843654619718
sw_297,74197,1,1,0.29209751495561775
sw_298,74230,1,0,0.4829469334907932
sw_298,74230,1,1,0.4327333579093104
sw_299,74240,1,0,0.35034727151862477
sw_299,74240,1,1,0.24234999980174926
sw_300,74240,1,0,0.25463308371796745
sw_300,74240,1,1,0.29229289611942205
sw_301,74253,1,0,0.22027279062998964
sw_301,74253,1,1,0.1884710709372752
sw_302,74270,1,0,0.4208390890941344
sw_302,74270,1,1,0.403497629569643
sw_303,74273,1,0,0.3383379177620974
sw_303,74273,1,1,0.30726037408637785
sw_304,74273,1,0,0.22284055205250947
sw_304,74273,1,1,0.21144957459734223
sw_305,74273,1,0,0.37461323741161057
sw_305,74273,1,1,0.36310312958607277
sw_306,74273,1,0,0.43392415607033047
sw_306,74273,1,1,0.3884888247431295
sw_307,74288,1,0,0.7026240657167822
sw_307,74288,1,1,0.6436689500693089
sw_308,74291,1,0,0.4381466066191459
sw_308,74291,1,1,0.3059672226286174
sw_309,74299,1,0,0.272283732043641
sw_309,74299,1,1,0.3460921361980975
sw_310,74300,1,0,0.45301470211103595
sw_310,74300,1,1,0.40620086355039003
sw_311,74300,1,0,0.40945025130476626
sw_311,74300,1,1,0.42266598080069306
sw_312,74305,1,0,0.2216743489139664
sw_312,74305,1,1,0.15635821137817085
sw_313,74312,1,0,0.5805362693953925
sw_313,74312,1,1,0.6048086410021632
sw_314,74317,1,0,0.1339320268336592
sw_314,74317,1,1,0.16165594286241478
sw_315,74319,1,0,0.1272891109712577
sw_315,74319,1,1,0.14969776763266182
sw_316,74343,1,0,0.2668928815956418
sw_316,74343,1,1,0.2991152603974197
sw_317,74356,1,0,0.3258473670287163
sw_317,74356,1,1,0.3731290880714963
sw_318,74356,1,0,0.3520295183600531
sw_318,74356,1,1,0.3652237789542873
sw_319,74356,1,0,0.35227847722382405
sw_319,74356,1,1,0.23680302437365341
sw_320,74358,1,0,0.29850035352049176
sw_320,74358,1,1,0.3986701992783794
sw_321,74366,1,0,0.31009512371902764
sw_321,74366,1,1,0.2627023611757716
sw_322,74366,1,0,0.2812917485370625
sw_322,74366,1,1,0.22557092275246657
sw_323,74372,1,0,0.13645656928195438
sw_323,74372,1,1,0.17408008363932695
sw_324,74374,1,0,0.5069890636422707
sw_324,74374,1,1,0.41605763140403995
sw_325,74374,1,0,0.28916390960122096
sw_325,74374,1,1,0.25776998514827587
sw_326,74382,1,0,0.2327678499333838
sw_326,74382,1,1,0.2115031122169167
sw_327,74382,1,0,0.25861288591086995
sw_327,74382,1,1,0.22306709158563975
sw_328,74383,1,0,0.36408322950758465
sw_328,74383,1,1,0.3938473657628925
sw_329,74385,1,0,0.4272369008477953
sw_329,74385,1,1,0.36751053656675403
sw_330,74385,1,0,0.2856150767770828
sw_330,74385,1,1,0.4706140476164167
sw_331,74385,1,0,0.4088091940799324
sw_331,74385,1,1,0.2226132861457705
sw_332,74385,1,0,0.25136383256268485
sw_332,74385,1,1,0.24693193473689903
sw_333,74387,1,0,0.18819468887695795
sw_333,74387,1,1,0.1490849789642224
sw_334,74388,1,0,0.5070938621122291
sw_334,74388,1,1,0.565538809480954
sw_335,74392,1,0,0.12592764736185
sw_335,74392,1,1,0.25369887788078904
sw_336,74394,1,0,0.13214806305306565
sw_336,74394,1,1,0.25026262372033364
sw_337,74399,1,0,0.17632055144095288
sw_337,74399,1,1,0.18015644554184954
sw_338,74421,1,0,0.18959459524160427
sw_338,74421,1,1,0.2135344033770078
sw_339,74421,1,0,0.36203514504641954
sw_339,74421,1,1,0.34214262930788236
sw_340,74421,1,0,0.20147783166164954
sw_340,74421,1,1,0.1598049873730121
sw_341,74427,1,0,0.27109769699842007
sw_341,74427,1,1,0.36941722397424853
sw_342,74427,1,0,0.1975961566263937
sw_342,74427,1,1,0.16055607597304106
sw_343,74433,1,0,0.2488870538421471
sw_343,74433,1,1,0.2922016455811764
sw_344,74436,1,0,0.25567726208359204
sw_344,74436,1,1,0.2064167782132406
sw_345,74444,1,0,0.47736206768014405
sw_345,74444,1,1,0.3526819134524211
sw_346,74444,1,0,0.5221719348441165
sw_346,74444,1,1,0.4836163406721963
sw_347,74444,1,0,0.22008738648319492
sw_347,74444,1,1,0.15614254154882248
sw_348,74469,1,0,0.35409603068951934
sw_348,74469,1,1,0.3200643559320218
sw_349,74477,1,0,0.18749095305117747
sw_349,74477,1,1,0.25181238060933103
sw_350,74480,1,0,0.2817207571381524
sw_350,74480,1,1,0.2511465787765821
sw_351,74484,1,0,0.18491689031445865
sw_351,74484,1,1,0.12303477760354162
sw_352,74489,1,0,0.16603472143191242
sw_352,74489,1,1,0.244860650951558
sw_353,74489,1,0,0.50258924173239
sw_353,74489,1,1,0.4397595846589321
sw_354,74489,1,0,0.2934590224463039
sw_354,74489,1,1,0.28148294638494764
sw_355,74493,1,0,0.49762059375326545
sw_355,74493,1,1,0.41461461502536867
sw_356,74537,1,0,0.27599495967091936
sw_356,74537,1,1,0.2666995365904599
sw_357,74537,1,0,0.21318475404627968
sw_357,74537,1,1,0.3016476074518281
sw_358,74537,1,0,0.286136606335653
sw_358,74537,1,1,0.337166098388435
sw_359,74542,1,0,0.17254534802590038
sw_359,74542,1,1,0.16027152879048553
sw_360,74550,1,0,0.2998493312066062
sw_360,74550,1,1,0.25300089020130584
sw_361,74552,1,0,0.14716932259947346
sw_361,74552,1,1,0.19343174379283737
sw_362,74553,1,0,0.17900100350824588
sw_362,74553,1,1,0.20931588067799453
sw_363,74554,1,0,0.24963496908539481
sw_363,74554,1,1,0.24761301473437405
sw_364,74554,1,0,0.20866876762700073
sw_364,74554,1,1,0.18229601278752966
sw_365,74558,1,0,0.5985525113064711
sw_365,74558,1,1,0.5230232492392057
sw_366,74559,1,0,0.39585373307583643
sw_366,74559,1,1,0.34272693465621046
sw_367,74577,1,0,0.5309873191558727
sw_367,74577,1,1,0.42822534081476765
sw_368,74577,1,0,0.340463868884889
sw_368,74577,1,1,0.29339940198618825
sw_369,74585,1,0,0.335962680769802
sw_369,74585,1,1,0.23781115828872973
sw_370,74585,1,0,0.31591487826191367
sw_370,74585,1,1,0.33853568486866525
sw_371,74665,1,0,0.22588947364949993
sw_371,74665,1,1,0.15432955819728864
sw_372,74675,1,0,0.40012260509861575
sw_372,74675,1,1,0.4399240214568777
sw_373,74680,1,0,0.36756255919586106
sw_373,74680,1,1,0.3781791433894246
sw_374,74680,1,0,0.25250459919840107
sw_374,74680,1,1,0.24850749975615688
sw_375,74680,1,0,0.3875805405902975
sw_375,74680,1,1,0.33215702344660275
sw_376,74683,1,0,0.18359961817194848
sw_376,74683,1,1,0.2031766602276082
sw_377,74742,1,0,0.23674919383190698
sw_377,74742,1,1,0.17765669366520043
sw_378,74763,1,0,0.608729701938532
sw_378,74763,1,1,0.6357702851143266
sw_379,74771,1,0,0.3250957520099663
sw_379,74771,1,1,0.34493547999609925
sw_380,74777,1,0,0.3261606431625599
sw_380,74777,1,1,0.3340139330804275
sw_381,74784,1,0,0.7219435112881776
sw_381,74784,1,1,0.6775108600455073
sw_382,74813,1,0,0.21773556477730444
sw_382,74813,1,1,0.20354835222798776
sw_383,74833,1,0,0.2884133428428086
sw_383,74833,1,1,0.22614827366411314
sw_384,74833,1,0,0.4609561140683105
sw_384,74833,1,1,0.3482800664333452
sw_385,74838,1,0,0.5107070867168777
sw_385,74838,1,1,0.340149269754621
sw_386,74844,1,0,0.1934915620093889
sw_386,74844,1,1,0.21878879252420202
sw_387,74847,1,0,0.2935631532735551
sw_387,74847,1,1,0.2607625997816269
sw_388,74847,1,0,0.30329597831326865
sw_388,74847,1,1,0.23873591357975
sw_389,74847,1,0,0.2818784048163586
sw_389,74847,1,1,0.26239600052663314
sw_390,74856,1,0,0.3496310204184159
sw_390,74856,1,1,0.25737807948378993
sw_391,74862,1,0,0.46009087324704495
sw_391,74862,1,1,0.5484488976567364
sw_392,74862,1,0,0.5567677625896006
sw_392,74862,1,1,0.46914344779829303
sw_393,74862,1,0,0.4825244639883337
sw_393,74862,1,1,0.5357868752871244
sw_394,74862,1,0,0.5580338003873944
sw_394,74862,1,1,0.5243784485548321
sw_395,74862,1,0,0.34682904824596184
sw_395,74862,1,1,0.2895401764278577
sw_396,76874,1,0,0.7575325971463682
sw_396,76874,1,1,0.7123115873616475
sw_397,77701,1,0,0.17797113556372554
sw_397,77701,1,1,0.13610249643273256
sw_398,92346,1,0,0.4067787411030098
sw_398,92346,1,1,0.37902041379957374
sw_399,92346,1,0,0.4366722079372041
sw_399,92346,1,1,0.37386530521387473
sw_400,92776,1,0,0.34647811425327174
sw_400,92776,1,1,0.37425609904517726
sw_401,92776,1,0,0.3967416845091904
sw_401,92776,1,1,0.4213463325030615
sw_402,97707,1,0,0.47970347532058216
sw_402,97707,1,1,0.5544057094154203
sw_403,98057,1,0,0.3408450939060667
sw_403,98057,1,1,0.34168579862513654
ctrl_0,160614,0,0,0.5343681501123199
ctrl_0,160614,0,1,0.5207361061957507
ctrl_1,160614,0,0,0.6097260388458183
ctrl_1,160614,0,1,0.5326355957123351
ctrl_2,160614,0,0,0.5326355957123351
ctrl_2,160614,0,1,0.5268685639806903
ctrl_3,160614,0,0,0.5326355957123351
ctrl_3,160614,0,1,0.5268685639806903
ctrl_4,160614,0,0,0.5343681501123199
ctrl_4,160614,0,1,0.5207361061957507
ctrl_5,204407,0,0,0.8208331971148554
ctrl_5,204407,0,1,0.8561436489823403
ctrl_6,204407,0,0,0.8466963497737704
ctrl_6,204407,0,1,0.8306545806720497
ctrl_7,204407,0,0,0.8469489148279287
ctrl_7,204407,0,1,0.8302466262775293
ctrl_8,204407,0,0,0.8466963497737704
ctrl_8,204407,0,1,0.8306545806720497
ctrl_9,204407,0,0,0.8466963497737704
ctrl_9,204407,0,1,0.8306545806720497
ctrl_10,139187,0,0,0.741129412906285
ctrl_10,139187,0,1,0.7378024421125289
ctrl_11,139187,0,0,0.739036283945674
ctrl_11,139187,0,1,0.7319765151045945
ctrl_12,139187,0,0,0.7321913014319105
ctrl_12,139187,0,1,0.730588620131081
ctrl_13,139187,0,0,0.7399706103285014
ctrl_13,139187,0,1,0.730588620131081
ctrl_14,139187,0,0,0.7707402937722514
ctrl_14,139187,0,1,0.7064799665481053
ctrl_15,74045,0,0,0.6571277845286532
ctrl_15,74045,0,1,0.68349095176872
ctrl_16,74045,0,0,0.6869518508568375
ctrl_16,74045,0,1,0.6668209341460193
ctrl_17,74045,0,0,0.5800072368667218
ctrl_17,74045,0,1,0.6104791615937585
ctrl_18,74045,0,0,0.6607814592108388
ctrl_18,74045,0,1,0.6852756965993757
ctrl_19,74045,0,0,0.6405351970569328
ctrl_19,74045,0,1,0.6567917002957143
ctrl_20,74272,0,0,0.7993849685409654
ctrl_20,74272,0,1,0.7824450556256498
ctrl_21,74272,0,0,0.7558601569794576
ctrl_21,74272,0,1,0.7886571270580129
ctrl_22,74272,0,0,0.803531431719851
ctrl_22,74272,0,1,0.7798659878468551
ctrl_23,74272,0,0,0.7667884975790252
ctrl_23,74272,0,1,0.7875770690404039
ctrl_24,74272,0,0,0.7667884975790252
ctrl_24,74272,0,1,0.7875770690404039
ctrl_25,141492,0,0,0.7999142546788751
ctrl_25,141492,0,1,0.8114562184009926
ctrl_26,141492,0,0,0.7999142546788751
ctrl_26,141492,0,1,0.8114562184009926
ctrl_27,141492,0,0,0.7999142546788751
ctrl_27,141492,0,1,0.8114562184009926
ctrl_28,141492,0,0,0.7999142546788751
ctrl_28,141492,0,1,0.8114562184009926
ctrl_29,141492,0,0,0.8615668025834179
ctrl_29,141492,0,1,0.7762587580621582
ctrl_30,141413,0,0,0.6159140962201066
ctrl_30,141413,0,1,0.6778461176185522
ctrl_31,141413,0,0,0.43816674926796223
ctrl_31,141413,0,1,0.5395483367829449
ctrl_32,141413,0,0,0.4602867740135816
ctrl_32,141413,0,1,0.5158793616951358
ctrl_33,141413,0,0,0.5757076723587503
ctrl_33,141413,0,1,0.7544210422266203
ctrl_34,141413,0,0,0.6012380471174827
ctrl_34,141413,0,1,0.6304975006674721
ctrl_35,141440,0,0,0.5824194500560348
ctrl_35,141440,0,1,0.5764060216742324
ctrl_36,141440,0,0,0.5787094399633974
ctrl_36,141440,0,1,0.5792740930039065
ctrl_37,141440,0,0,0.5787165813474037
ctrl_37,141440,0,1,0.580660655837326
ctrl_38,141440,0,0,0.5873497927804868
ctrl_38,141440,0,1,0.5763086879554046
ctrl_39,141440,0,0,0.599202748278932
ctrl_39,141440,0,1,0.5848175638314356
ctrl_40,74274,0,0,0.5514872420523873
ctrl_40,74274,0,1,0.5252246442976857
ctrl_41,74274,0,0,0.505418267324272
ctrl_41,74274,0,1,0.527401665524742
ctrl_42,204536,0,0,0.41782922256269744
ctrl_42,204536,0,1,0.5175515583930018
ctrl_43,204536,0,0,0.4338715335334581
ctrl_43,204536,0,1,0.4522313925166779
ctrl_44,204536,0,0,0.41645909081140414
ctrl_44,204536,0,1,0.5206772211303641
ctrl_45,204536,0,0,0.41782922256269744
ctrl_45,204536,0,1,0.5175515583930018
ctrl_46,204536,0,0,0.41782922256269744
ctrl_46,204536,0,1,0.5175515583930018
ctrl_47,178891,0,0,0.31260082362294733
ctrl_47,178891,0,1,0.30043949279513704
ctrl_48,178891,0,0,0.3142518013781844
ctrl_48,178891,0,1,0.2871196317334745
ctrl_49,178891,0,0,0.3145972488196834
ctrl_49,178891,0,1,0.28667029365879365
ctrl_50,178891,0,0,0.31510314486547875
ctrl_50,178891,0,1,0.2843070149650651
ctrl_51,178891,0,0,0.3145503938643943
ctrl_51,178891,0,1,0.28780701208556936
ctrl_52,141400,0,0,0.5716891900760604
ctrl_52,141400,0,1,0.6783646217832316
ctrl_53,141400,0,0,0.732949585802945
ctrl_53,141400,0,1,0.62590180917139
ctrl_54,141400,0,0,0.732949585802945
ctrl_54,141400,0,1,0.62590180917139
ctrl_55,141400,0,0,0.5716891900760604
ctrl_55,141400,0,1,0.6783646217832316
ctrl_56,141400,0,0,0.732949585802945
ctrl_56,141400,0,1,0.62590180917139
ctrl_57,74835,0,0,0.6072850405865654
ctrl_57,74835,0,1,0.5364654335574113
ctrl_58,74835,0,0,0.5192061979028105
ctrl_58,74835,0,1,0.6675276314315225
ctrl_59,74835,0,0,0.6199444604102817
ctrl_59,74835,0,1,0.5297004387082076
ctrl_60,74835,0,0,0.5883177303310736
ctrl_60,74835,0,1,0.622679831519069
ctrl_61,74835,0,0,0.6126285043614819
ctrl_61,74835,0,1,0.550466908644544
ctrl_62,73561,0,0,0.5757168768083256
ctrl_62,73561,0,1,0.5894553065937688
ctrl_63,73561,0,0,0.5974047620490573
ctrl_63,73561,0,1,0.5744082488883573
ctrl_64,73561,0,0,0.5978880754637776
ctrl_64,73561,0,1,0.5808095113651285
ctrl_65,73561,0,0,0.6018322383640071
ctrl_65,73561,0,1,0.5789140130031154
ctrl_66,73561,0,0,0.5799972068172891
ctrl_66,73561,0,1,0.6003590947767311
ctrl_67,74145,0,0,0.8002134834135807
ctrl_67,74145,0,1,0.8187376334849364
ctrl_68,74145,0,0,0.8002134834135807
ctrl_68,74145,0,1,0.8187376334849364
ctrl_69,74145,0,0,0.8002134834135807
ctrl_69,74145,0,1,0.8187376334849364
ctrl_70,74145,0,0,0.7340140815574491
ctrl_70,74145,0,1,0.7282958004675545
ctrl_71,74145,0,0,0.747483119730911
ctrl_71,74145,0,1,0.7267843842216568
ctrl_72,160644,0,0,0.6250803888740566
ctrl_72,160644,0,1,0.6863935596890033
ctrl_73,160644,0,0,0.6250803888740566
ctrl_73,160644,0,1,0.6863935596890033
ctrl_74,160644,0,0,0.612030860322935
ctrl_74,160644,0,1,0.6768273036976739
ctrl_75,160644,0,0,0.6067418849311683
ctrl_75,160644,0,1,0.6578637862268547
ctrl_76,160644,0,0,0.6081544329646368
ctrl_76,160644,0,1,0.6849700273164394
ctrl_77,73893,0,0,0.533712899535865
ctrl_77,73893,0,1,0.614134696645453
ctrl_78,73893,0,0,0.5426506362726907
ctrl_78,73893,0,1,0.5423958762662894
ctrl_79,160569,0,0,0.7861658626950311
ctrl_79,160569,0,1,0.8261679186208983
ctrl_80,160569,0,0,0.7510468166071469
ctrl_80,160569,0,1,0.8213309462913445
ctrl_81,160569,0,0,0.7510468166071469
ctrl_81,160569,0,1,0.8213309462913445
ctrl_82,73801,0,0,0.8413749268455251
ctrl_82,73801,0,1,0.8758748867253846
ctrl_83,133372,0,0,0.23699849628014594
ctrl_83,133372,0,1,0.2497202376128614
ctrl_84,133372,0,0,0.2403132058110718
ctrl_84,133372,0,1,0.2472168519871908
ctrl_85,204522,0,0,0.445931384682212
ctrl_85,204522,0,1,0.4844172649666874
ctrl_86,204522,0,0,0.45828951025076964
ctrl_86,204522,0,1,0.46543096183877747
ctrl_87,74581,0,0,0.5843413802990539
ctrl_87,74581,0,1,0.5969628851253632
ctrl_88,74581,0,0,0.6105089524079962
ctrl_88,74581,0,1,0.6132775340109045
ctrl_89,74581,0,0,0.6275519747951593
ctrl_89,74581,0,1,0.5843604102320654
ctrl_90,74581,0,0,0.6567028702892119
ctrl_90,74581,0,1,0.6163415523457627
ctrl_91,74581,0,0,0.6567028702892119
ctrl_91,74581,0,1,0.6163415523457627
ctrl_92,74287,0,0,0.13645422759569173
ctrl_92,74287,0,1,0.15771099601574523
ctrl_93,74287,0,0,0.5872402770114566
ctrl_93,74287,0,1,0.6857621723333585
ctrl_94,74287,0,0,0.5872402770114566
ctrl_94,74287,0,1,0.6857621723333585
ctrl_95,74287,0,0,0.3969819160039672
ctrl_95,74287,0,1,0.5232659037833519
ctrl_96,74287,0,0,0.12224690166846988
ctrl_96,74287,0,1,0.15858479378081025
ctrl_97,204464,0,0,0.7889697470745917
ctrl_97,204464,0,1,0.7882948306742835
ctrl_98,204464,0,0,0.7973490378754989
ctrl_98,204464,0,1,0.7847161935296508
ctrl_99,204464,0,0,0.7973490378754989
ctrl_99,204464,0,1,0.7847161935296508
ctrl_100,204464,0,0,0.7973490378754989
ctrl_100,204464,0,1,0.7847161935296508
ctrl_101,204464,0,0,0.791107006299697
ctrl_101,204464,0,1,0.7882948306742835
ctrl_102,74139,0,0,0.737021151193741
ctrl_102,74139,0,1,0.7417868145370755
ctrl_103,74139,0,0,0.737021151193741
ctrl_103,74139,0,1,0.7417868145370755
ctrl_104,74139,0,0,0.7315856209371511
ctrl_104,74139,0,1,0.7309092485497287
ctrl_105,74139,0,0,0.7361059249630547
ctrl_105,74139,0,1,0.7287304843187961
ctrl_106,74139,0,0,0.7381846945893458
ctrl_106,74139,0,1,0.7299181906885799
ctrl_107,160659,0,0,0.4265158824647089
ctrl_107,160659,0,1,0.4342318237690146
ctrl_108,160659,0,0,0.4307913739687912
ctrl_108,160659,0,1,0.4446348734782702
ctrl_109,160659,0,0,0.4254993395359052
ctrl_109,160659,0,1,0.4396636706376395
ctrl_110,160659,0,0,0.4353656605337704
ctrl_110,160659,0,1,0.4257224267158274
ctrl_111,160659,0,0,0.4245960121352438
ctrl_111,160659,0,1,0.43181380049258244
ctrl_112,204533,0,0,0.7356926311128754
ctrl_112,204533,0,1,0.6950400069104115
ctrl_113,204533,0,0,0.7370675211303878
ctrl_113,204533,0,1,0.6950400069104115
ctrl_114,74037,0,0,0.7785143928227218
ctrl_114,74037,0,1,0.7433009456113445
ctrl_115,74037,0,0,0.7849503727489273
ctrl_115,74037,0,1,0.7665563373821797
ctrl_116,74037,0,0,0.8115324218897151
ctrl_116,74037,0,1,0.7645916278966812
ctrl_117,74037,0,0,0.8440107012997969
ctrl_117,74037,0,1,0.7658390687215888
ctrl_118,74037,0,0,0.7810857399369309
ctrl_118,74037,0,1,0.7639883048664994
ctrl_119,160575,0,0,0.8634363688525306
ctrl_119,160575,0,1,0.8784189006303975
ctrl_120,160575,0,0,0.8205349838094442
ctrl_120,160575,0,1,0.7712289410549277
ctrl_121,160575,0,0,0.8634363688525306
ctrl_121,160575,0,1,0.8784189006303975
ctrl_122,160575,0,0,0.8634453073743199
ctrl_122,160575,0,1,0.878802824117304
ctrl_123,74491,0,0,0.7288013305127894
ctrl_123,74491,0,1,0.7515473978754474
ctrl_124,74491,0,0,0.6312050854781469
ctrl_124,74491,0,1,0.720950111945252
ctrl_125,74491,0,0,0.7387598478813457
ctrl_125,74491,0,1,0.7060533365311518
ctrl_126,74491,0,0,0.6692514773177142
ctrl_126,74491,0,1,0.6772142107234338
ctrl_127,74491,0,0,0.7151699657306749
ctrl_127,74491,0,1,0.785782459856048
ctrl_128,141531,0,0,0.38445832664721497
ctrl_128,141531,0,1,0.40333483056921215
ctrl_129,141531,0,0,0.30924509180205045
ctrl_129,141531,0,1,0.42240119530040215
ctrl_130,141531,0,0,0.30924509180205045
ctrl_130,141531,0,1,0.42240119530040215
ctrl_131,204573,0,0,0.510964080451842
ctrl_131,204573,0,1,0.6473244778302131
ctrl_132,204573,0,0,0.4828956927955011
ctrl_132,204573,0,1,0.709990619804958
ctrl_133,74264,0,0,0.5300344140993524
ctrl_133,74264,0,1,0.4841759162064799
ctrl_134,141335,0,0,0.7118414549176886
ctrl_134,141335,0,1,0.6125431611942854
ctrl_135,141335,0,0,0.7499698761574523
ctrl_135,141335,0,1,0.73181610076561
ctrl_136,141335,0,0,0.7881830458083697
ctrl_136,141335,0,1,0.7274847828585407
ctrl_137,74699,0,0,0.5039515426735964
ctrl_137,74699,0,1,0.6638900843072536
ctrl_138,74699,0,0,0.6314907340778532
ctrl_138,74699,0,1,0.7546921790478012
ctrl_139,74699,0,0,0.6191205757989355
ctrl_139,74699,0,1,0.736194050270933
ctrl_140,74699,0,0,0.5058800425830713
ctrl_140,74699,0,1,0.6698728139901947
ctrl_141,74699,0,0,0.5921215976265454
ctrl_141,74699,0,1,0.5620109939183698
ctrl_142,160572,0,0,0.30750543050956736
ctrl_142,160572,0,1,0.39767076972555354
ctrl_143,160572,0,0,0.32085716095094774
ctrl_143,160572,0,1,0.3899543729851722
ctrl_144,73482,0,0,0.7389578482929338
ctrl_144,73482,0,1,0.6888490454404478
ctrl_145,73482,0,0,0.802654264260918
ctrl_145,73482,0,1,0.7592378807381934
ctrl_146,73482,0,0,0.7376695611256878
ctrl_146,73482,0,1,0.6917805017694092
ctrl_147,178990,0,0,0.2283210030902827
ctrl_147,178990,0,1,0.23286077534835228
ctrl_148,74419,0,0,0.5073773612993324
ctrl_148,74419,0,1,0.5218311458178354
ctrl_149,74419,0,0,0.4509947590543903
ctrl_149,74419,0,1,0.5335157558336461
ctrl_150,74419,0,0,0.559658150129031
ctrl_150,74419,0,1,0.5687921101614791
ctrl_151,74419,0,0,0.5355958994988572
ctrl_151,74419,0,1,0.6159381710551052
ctrl_152,73553,0,0,0.33517553511550335
ctrl_152,73553,0,1,0.3085030390384307
ctrl_153,73553,0,0,0.30538170926742525
ctrl_153,73553,0,1,0.2195483606090919
ctrl_154,73553,0,0,0.30268486601545147
ctrl_154,73553,0,1,0.255715637644119
ctrl_155,73553,0,0,0.2887431660999492
ctrl_155,73553,0,1,0.2335583711039431
ctrl_156,73553,0,0,0.3032189340143786
ctrl_156,73553,0,1,0.2982294735060056
ctrl_157,178837,0,0,0.685225064031994
ctrl_157,178837,0,1,0.6358484948416155
ctrl_158,178837,0,0,0.715667784785788
ctrl_158,178837,0,1,0.6390188550149926
ctrl_159,178837,0,0,0.715667784785788
ctrl_159,178837,0,1,0.6374805121805129
ctrl_160,178837,0,0,0.7270024834213501
ctrl_160,178837,0,1,0.6462111932427024
ctrl_161,178837,0,0,0.715667784785788
ctrl_161,178837,0,1,0.6390188550149926
ctrl_162,74584,0,0,0.21426828770265968
ctrl_162,74584,0,1,0.3209540095205597
ctrl_163,74044,0,0,0.377530118626068
ctrl_163,74044,0,1,0.2784957500123511
ctrl_164,141399,0,0,0.8125659516585519
ctrl_164,141399,0,1,0.8227137708029454
ctrl_165,141399,0,0,0.810845991790141
ctrl_165,141399,0,1,0.8172574568308163
ctrl_166,141399,0,0,0.8100079359975998
ctrl_166,141399,0,1,0.8186472407398219
ctrl_167,141399,0,0,0.8100079359975998
ctrl_167,141399,0,1,0.8186472407398219
ctrl_168,141399,0,0,0.8100079359975998
ctrl_168,141399,0,1,0.8186472407398219
ctrl_169,204352,0,0,0.1459397182848831
ctrl_169,204352,0,1,0.13911274246451744
ctrl_170,204352,0,0,0.1435495902833604
ctrl_170,204352,0,1,0.14795196804547628
ctrl_171,73572,0,0,0.637092492297748
ctrl_171,73572,0,1,0.6368895670394624
ctrl_172,73572,0,0,0.6338734313980424
ctrl_172,73572,0,1,0.6132712062057375
ctrl_173,73572,0,0,0.6201536729629961
ctrl_173,73572,0,1,0.620695920272468
ctrl_174,73572,0,0,0.636945744790303
ctrl_174,73572,0,1,0.6116501302110126
ctrl_175,73572,0,0,0.6338734313980424
ctrl_175,73572,0,1,0.6132712062057375
ctrl_176,141536,0,0,0.3992520481021026
ctrl_176,141536,0,1,0.4227963388222232
ctrl_177,141536,0,0,0.4196193590317066
ctrl_177,141536,0,1,0.4741457170075401
ctrl_178,141536,0,0,0.4278696485992993
ctrl_178,141536,0,1,0.4577150736805421
ctrl_179,171619,0,0,0.7308388014755002
ctrl_179,171619,0,1,0.6718362525855013
ctrl_180,73937,0,0,0.6682969256413891
ctrl_180,73937,0,1,0.5654201614077519
ctrl_181,73937,0,0,0.5386075620156561
ctrl_181,73937,0,1,0.730979107278745
ctrl_182,73937,0,0,0.6831673955582898
ctrl_182,73937,0,1,0.6414125056164848
ctrl_183,178828,0,0,0.28069219275921975
ctrl_183,178828,0,1,0.3252407276648914
ctrl_184,178828,0,0,0.28414329440354813
ctrl_184,178828,0,1,0.3221225409460314
ctrl_185,178828,0,0,0.28414329440354813
ctrl_185,178828,0,1,0.3221225409460314
ctrl_186,178828,0,0,0.2821942038728139
ctrl_186,178828,0,1,0.3252407276648914
ctrl_187,178828,0,0,0.2780969595328685
ctrl_187,178828,0,1,0.3235170120337082
ctrl_188,160603,0,0,0.6421787580653678
ctrl_188,160603,0,1,0.6671717493536704
ctrl_189,160603,0,0,0.639290702284519
ctrl_189,160603,0,1,0.6699627521724322
ctrl_190,160603,0,0,0.6421787580653678
ctrl_190,160603,0,1,0.6671717493536704
ctrl_191,160603,0,0,0.6400592157555334
ctrl_191,160603,0,1,0.6693651992752331
ctrl_192,160603,0,0,0.639290702284519
ctrl_192,160603,0,1,0.6699627521724322
ctrl_193,141419,0,0,0.6923242178148773
ctrl_193,141419,0,1,0.7851208442872935
ctrl_194,74158,0,0,0.42848778381247876
ctrl_194,74158,0,1,0.46328069195293886
ctrl_195,74158,0,0,0.35394240971763613
ctrl_195,74158,0,1,0.3531711386567721
ctrl_196,74544,0,0,0.3793719928469679
ctrl_196,74544,0,1,0.5814731938665231
ctrl_197,74544,0,0,0.3667554426560827
ctrl_197,74544,0,1,0.5814731938665231
ctrl_198,178856,0,0,0.422331614757506
ctrl_198,178856,0,1,0.30431253164053707
ctrl_199,178856,0,0,0.3805873245358938
ctrl_199,178856,0,1,0.20646473848703137
ctrl_200,178856,0,0,0.3805873245358938
ctrl_200,178856,0,1,0.20646473848703137
ctrl_201,178856,0,0,0.4101087196662435
ctrl_201,178856,0,1,0.3134065652762926
ctrl_202,178856,0,0,0.422331614757506
ctrl_202,178856,0,1,0.30431253164053707
ctrl_203,74017,0,0,0.4366764627865756
ctrl_203,74017,0,1,0.45363387625837537
ctrl_204,74017,0,0,0.3365994042530428
ctrl_204,74017,0,1,0.3198566427611887
ctrl_205,74017,0,0,0.3365994042530428
ctrl_205,74017,0,1,0.3198566427611887
ctrl_206,74166,0,0,0.7281770108865985
ctrl_206,74166,0,1,0.7411773480118213
ctrl_207,74700,0,0,0.26358123896095437
ctrl_207,74700,0,1,0.25749712270721825
ctrl_208,74700,0,0,0.24591223661668607
ctrl_208,74700,0,1,0.21991555701105767
ctrl_209,74700,0,0,0.2247842572697573
ctrl_209,74700,0,1,0.31910272384222205
ctrl_210,160568,0,0,0.5962914063129002
ctrl_210,160568,0,1,0.6083991364608025
ctrl_211,160568,0,0,0.581795065367584
ctrl_211,160568,0,1,0.6157391765795149
ctrl_212,160568,0,0,0.5962914063129002
ctrl_212,160568,0,1,0.6083991364608025
ctrl_213,160568,0,0,0.5962914063129002
ctrl_213,160568,0,1,0.6083991364608025
ctrl_214,160568,0,0,0.5962914063129002
ctrl_214,160568,0,1,0.6083991364608025
ctrl_215,160535,0,0,0.6684556121672807
ctrl_215,160535,0,1,0.7419172292323477
ctrl_216,160535,0,0,0.3869379517988534
ctrl_216,160535,0,1,0.45866508479578666
ctrl_217,160535,0,0,0.7619530048274316
ctrl_217,160535,0,1,0.6457017149316391
ctrl_218,160535,0,0,0.37467153332219644
ctrl_218,160535,0,1,0.44662873129603536
ctrl_219,160535,0,0,0.4997669862126221
ctrl_219,160535,0,1,0.3055457968555111
ctrl_220,74057,0,0,0.7830478941397434
ctrl_220,74057,0,1,0.7548890161311048
ctrl_221,74057,0,0,0.8172309606098975
ctrl_221,74057,0,1,0.8128024241822593
ctrl_222,74057,0,0,0.8159792083616205
ctrl_222,74057,0,1,0.8200017089727089
ctrl_223,74057,0,0,0.7830478941397434
ctrl_223,74057,0,1,0.7548890161311048
ctrl_224,74057,0,0,0.8122638063887636
ctrl_224,74057,0,1,0.7223416846908676
ctrl_225,74065,0,0,0.4047525381809364
ctrl_225,74065,0,1,0.3667151032519972
ctrl_226,62926,0,0,0.3604495469430404
ctrl_226,62926,0,1,0.2817164385531348
ctrl_227,62926,0,0,0.3390517791721324
ctrl_227,62926,0,1,0.3114192720424309
ctrl_228,62926,0,0,0.40065576537891595
ctrl_228,62926,0,1,0.22469842769896714
ctrl_229,73904,0,0,0.605798248123924
ctrl_229,73904,0,1,0.4429362640853457
ctrl_230,73904,0,0,0.48169367123593865
ctrl_230,73904,0,1,0.40615477940310907
ctrl_231,73904,0,0,0.5904435204151057
ctrl_231,73904,0,1,0.45921608236396316
ctrl_232,141464,0,0,0.6087907931300394
ctrl_232,141464,0,1,0.6069379383932292
ctrl_233,141464,0,0,0.6022852977725647
ctrl_233,141464,0,1,0.6114836775104994
ctrl_234,141464,0,0,0.5973157984418382
ctrl_234,141464,0,1,0.5540579630086507
ctrl_235,141464,0,0,0.6247593124767511
ctrl_235,141464,0,1,0.5941290517217251
ctrl_236,141464,0,0,0.6925831195624649
ctrl_236,141464,0,1,0.6142647853738082
ctrl_237,167493,0,0,0.6391693622295442
ctrl_237,167493,0,1,0.6725986732701867
ctrl_238,167493,0,0,0.63780165493364
ctrl_238,167493,0,1,0.6690407063637303
ctrl_239,167493,0,0,0.6327583080348868
ctrl_239,167493,0,1,0.6765061072406559
ctrl_240,167493,0,0,0.6267027915204951
ctrl_240,167493,0,1,0.6787564859695286
ctrl_241,167493,0,0,0.63780165493364
ctrl_241,167493,0,1,0.6690407063637303
ctrl_242,178859,0,0,0.7009423135742585
ctrl_242,178859,0,1,0.706921090040802
ctrl_243,178859,0,0,0.7004946971910285
ctrl_243,178859,0,1,0.7073295585631109
ctrl_244,178859,0,0,0.701695639058449
ctrl_244,178859,0,1,0.7060355436701993
ctrl_245,178859,0,0,0.7022191325473821
ctrl_245,178859,0,1,0.7027358772574297
ctrl_246,178859,0,0,0.6967035217066205
ctrl_246,178859,0,1,0.7096993162978182
ctrl_247,160567,0,0,0.23285332231795255
ctrl_247,160567,0,1,0.27457640781150455
ctrl_248,73718,0,0,0.5864626136843158
ctrl_248,73718,0,1,0.4775134309490124
ctrl_249,160545,0,0,0.5030284116468595
ctrl_249,160545,0,1,0.551029263790399
ctrl_250,160545,0,0,0.39265681758867765
ctrl_250,160545,0,1,0.23344013233591143
ctrl_251,178964,0,0,0.14091000902101733
ctrl_251,178964,0,1,0.13363003286728817
ctrl_252,178964,0,0,0.14248657351106922
ctrl_252,178964,0,1,0.1308870992538525
ctrl_253,178964,0,0,0.19053250545916126
ctrl_253,178964,0,1,0.1601836900131265
ctrl_254,178964,0,0,0.19053250545916126
ctrl_254,178964,0,1,0.1601836900131265
ctrl_255,178964,0,0,0.17566110282793995
ctrl_255,178964,0,1,0.17788244671224984
ctrl_256,141398,0,0,0.693687520264024
ctrl_256,141398,0,1,0.677494364994651
ctrl_257,141398,0,0,0.6926291579671731
ctrl_257,141398,0,1,0.6981851066044193
ctrl_258,141398,0,0,0.6566718137863303
ctrl_258,141398,0,1,0.6716628319143676
ctrl_259,141398,0,0,0.6842652575952475
ctrl_259,141398,0,1,0.7131884112815909
ctrl_260,178970,0,0,0.9582469685700735
ctrl_260,178970,0,1,0.9209316584617362
ctrl_261,178970,0,0,0.9588647966814295
ctrl_261,178970,0,1,0.9209316584617362
ctrl_262,178970,0,0,0.9578320646190861
ctrl_262,178970,0,1,0.9209316584617362
ctrl_263,178970,0,0,0.9580372534946899
ctrl_263,178970,0,1,0.9247527724463552
ctrl_264,178970,0,0,0.9580372534946899
ctrl_264,178970,0,1,0.9247527724463552
ctrl_265,160607,0,0,0.6213652260778758
ctrl_265,160607,0,1,0.5596263605777209
ctrl_266,160607,0,0,0.6498996727247843
ctrl_266,160607,0,1,0.646382004830821
ctrl_267,160607,0,0,0.6204033780366798
ctrl_267,160607,0,1,0.5701789380699085
ctrl_268,160607,0,0,0.6184191940100324
ctrl_268,160607,0,1,0.5746203590853521
ctrl_269,160607,0,0,0.6588455242533554
ctrl_269,160607,0,1,0.652326402623683
ctrl_270,178909,0,0,0.3456533695262444
ctrl_270,178909,0,1,0.4064500804390638
ctrl_271,178909,0,0,0.34712723788704786
ctrl_271,178909,0,1,0.4111955635081461
ctrl_272,178909,0,0,0.497715375131876
ctrl_272,178909,0,1,0.452164067725678
ctrl_273,178909,0,0,0.3423718969905596
ctrl_273,178909,0,1,0.42576104544692217
ctrl_274,134812,0,0,0.743337310054966
ctrl_274,134812,0,1,0.787210430501685
ctrl_275,134812,0,0,0.743337310054966
ctrl_275,134812,0,1,0.787210430501685
ctrl_276,134812,0,0,0.743337310054966
ctrl_276,134812,0,1,0.787210430501685
ctrl_277,134812,0,0,0.7613735136739309
ctrl_277,134812,0,1,0.7862133161235453
ctrl_278,134812,0,0,0.743337310054966
ctrl_278,134812,0,1,0.787210430501685
ctrl_279,74570,0,0,0.3748372587815158
ctrl_279,74570,0,1,0.41510784961913944
ctrl_280,74570,0,0,0.32926499270613924
ctrl_280,74570,0,1,0.2878976814903308
ctrl_281,74277,0,0,0.32664249679131957
ctrl_281,74277,0,1,0.3273926756139596
ctrl_282,74277,0,0,0.4177175494619269
ctrl_282,74277,0,1,0.33295405166241726
ctrl_283,74277,0,0,0.3521279424546714
ctrl_283,74277,0,1,0.3137501389318366
ctrl_284,74277,0,0,0.33124087559209037
ctrl_284,74277,0,1,0.4091899410796051
ctrl_285,74277,0,0,0.3316000494522959
ctrl_285,74277,0,1,0.4076459051159914
ctrl_286,74124,0,0,0.3374502334594878
ctrl_286,74124,0,1,0.2934497134497783
ctrl_287,74124,0,0,0.32990895170993195
ctrl_287,74124,0,1,0.29367302661096834
ctrl_288,74124,0,0,0.26983188407115644
ctrl_288,74124,0,1,0.31041930203515583
ctrl_289,74124,0,0,0.2628898443558486
ctrl_289,74124,0,1,0.3146156590377809
ctrl_290,74124,0,0,0.26983188407115644
ctrl_290,74124,0,1,0.31041930203515583
ctrl_291,74298,0,0,0.5343029004235016
ctrl_291,74298,0,1,0.6130389907516164
ctrl_292,74298,0,0,0.5910874636998604
ctrl_292,74298,0,1,0.5058826614901806
ctrl_293,74298,0,0,0.5769084834748642
ctrl_293,74298,0,1,0.5058826614901806
ctrl_294,74298,0,0,0.5392235366305863
ctrl_294,74298,0,1,0.5915265774475629
ctrl_295,141433,0,0,0.35064475422629626
ctrl_295,141433,0,1,0.6747399664588216
ctrl_296,178853,0,0,0.6713335396567386
ctrl_296,178853,0,1,0.6701598064355893
ctrl_297,178853,0,0,0.6472961313801221
ctrl_297,178853,0,1,0.668040035809101
ctrl_298,160650,0,0,0.626193598667503
ctrl_298,160650,0,1,0.5597329142003163
ctrl_299,160650,0,0,0.5650867587596112
ctrl_299,160650,0,1,0.589058589601624
ctrl_300,160650,0,0,0.5650867587596112
ctrl_300,160650,0,1,0.589058589601624
ctrl_301,160650,0,0,0.626193598667503
ctrl_301,160650,0,1,0.5597329142003163
ctrl_302,160650,0,0,0.5650867587596112
ctrl_302,160650,0,1,0.589058589601624
ctrl_303,178834,0,0,0.7502600609569705
ctrl_303,178834,0,1,0.7587856402841225
ctrl_304,178834,0,0,0.7630011237704893
ctrl_304,178834,0,1,0.7680514082807269
ctrl_305,178834,0,0,0.744457557482151
ctrl_305,178834,0,1,0.7697487573901265
ctrl_306,178834,0,0,0.7502600609569705
ctrl_306,178834,0,1,0.7587856402841225
ctrl_307,178834,0,0,0.7466941489698788
ctrl_307,178834,0,1,0.7645591359292805
ctrl_308,141384,0,0,0.4889609102407421
ctrl_308,141384,0,1,0.4030415478684356
ctrl_309,141384,0,0,0.4889609102407421
ctrl_309,141384,0,1,0.4030415478684356
ctrl_310,141384,0,0,0.4889609102407421
ctrl_310,141384,0,1,0.4030415478684356
ctrl_311,141384,0,0,0.5155514766357273
ctrl_311,141384,0,1,0.5282395947477274
ctrl_312,141384,0,0,0.42358829377610235
ctrl_312,141384,0,1,0.5108965716253155
ctrl_313,141465,0,0,0.354144421689564
ctrl_313,141465,0,1,0.3603714776099616
ctrl_314,141465,0,0,0.3282180003392317
ctrl_314,141465,0,1,0.3922605829711771
ctrl_315,141465,0,0,0.3282180003392317
ctrl_315,141465,0,1,0.3922605829711771
ctrl_316,141465,0,0,0.3282180003392317
ctrl_316,141465,0,1,0.3922605829711771
ctrl_317,160557,0,0,0.6405281376988101
ctrl_317,160557,0,1,0.5973707993630757
ctrl_318,160557,0,0,0.6405281376988101
ctrl_318,160557,0,1,0.5973707993630757
ctrl_319,160557,0,0,0.6405281376988101
ctrl_319,160557,0,1,0.5973707993630757
ctrl_320,160557,0,0,0.6405281376988101
ctrl_320,160557,0,1,0.5973707993630757
ctrl_321,160557,0,0,0.6375497857104557
ctrl_321,160557,0,1,0.6084217482242287
ctrl_322,74481,0,0,0.5906752645084317
ctrl_322,74481,0,1,0.6100479618017732
ctrl_323,74481,0,0,0.5913329771793141
ctrl_323,74481,0,1,0.6114347941036004
ctrl_324,74481,0,0,0.5918604045444102
ctrl_324,74481,0,1,0.6097597781046129
ctrl_325,74481,0,0,0.5920616007049891
ctrl_325,74481,0,1,0.6118970558667699
ctrl_326,74481,0,0,0.5893617444175324
ctrl_326,74481,0,1,0.6136884832700872
ctrl_327,204430,0,0,0.1386856462164522
ctrl_327,204430,0,1,0.41844634241765777
ctrl_328,204430,0,0,0.1386856462164522
ctrl_328,204430,0,1,0.41844634241765777
ctrl_329,204430,0,0,0.27100675674092883
ctrl_329,204430,0,1,0.24819753024981414
ctrl_330,204430,0,0,0.1386856462164522
ctrl_330,204430,0,1,0.41844634241765777
ctrl_331,74403,0,0,0.6336309393846675
ctrl_331,74403,0,1,0.7105025355435222
ctrl_332,74403,0,0,0.667671035293549
ctrl_332,74403,0,1,0.6911344223512467
ctrl_333,74403,0,0,0.6472842183877596
ctrl_333,74403,0,1,0.7135884958380653
ctrl_334,74403,0,0,0.6950343129278919
ctrl_334,74403,0,1,0.7025207722962746
ctrl_335,74403,0,0,0.639517355910493
ctrl_335,74403,0,1,0.7152280995864392
ctrl_336,133439,0,0,0.5618905164678916
ctrl_336,133439,0,1,0.6636300833734289
ctrl_337,133439,0,0,0.5659153872872733
ctrl_337,133439,0,1,0.6631299108030099
ctrl_338,133439,0,0,0.6962742081884571
ctrl_338,133439,0,1,0.7275609558564158
ctrl_339,133439,0,0,0.5618905164678916
ctrl_339,133439,0,1,0.6636300833734289
