deputado_id,idLegislatura_inicial,data_inicio_carreira,partido_inicio_carreira,condicao_eleitoral_inicial
178957,55,2015-02-01T00:00,PDT,
141463,53,2007-02-01T00:00,PSB,Titular
73764,49,1991-02-01T00:00,PRN,
204554,56,2019-02-01T00:00,PHS,
204521,56,2019-02-01T00:00,PSL,
204379,56,2019-02-01T00:00,PROS,
131711,53,2007-02-01T00:00,PSB,
161907,54,2011-02-01T00:00,PRB,
143254,53,2007-02-01T00:00,PMDB,
178864,55,2015-02-01T00:00,PHS,
178914,55,2015-02-01T00:00,PTB,
73886,49,1991-02-01T00:00,PT,Titular
74328,47,1983-02-01T00:00,PDS,Titular
178890,55,2015-02-01T00:00,PT,
74386,52,2003-02-01T00:00,PMDB,Titular
178968,55,2015-02-01T00:00,PTB,
133374,52,2003-02-01T00:00,PPS,
196359,55,2015-02-01T00:00,PSDB,
178903,55,2015-02-01T00:00,PSB,
204560,56,2019-02-01T00:00,PSDB,
160577,54,2011-02-01T00:00,PMDB,Titular
204528,56,2019-02-01T00:00,NOVO,
121948,56,2019-02-01T00:00,PP,
74646,48,1987-02-01T00:00,PMDB,Titular
141372,53,2007-02-01T00:00,PR,Titular
73765,50,1995-02-01T00:00,PPR,Titular
160508,54,2011-02-01T00:00,PT,Titular
136811,52,2003-02-01T00:00,PPB,
178835,54,2011-02-01T00:00,PDT,
74358,51,1999-02-01T00:00,PDT,Titular
73654,50,1995-02-01T00:00,PCdoB,Titular
160638,54,2011-02-01T00:00,PDT,Titular
160527,54,2011-02-01T00:00,PP**,Titular
204495,56,2019-02-01T00:00,PT,
73457,51,1999-02-01T00:00,PDT,Titular
204549,56,2019-02-01T00:00,PP,
173269,54,2011-02-01T00:00,PMDB,
178836,55,2015-02-01T00:00,PRB,
141373,53,2007-02-01T00:00,PSDB,Titular
74018,48,1987-02-01T00:00,PMDB,Titular
160582,54,2011-02-01T00:00,PMDB,Titular
73579,51,1999-02-01T00:00,PMDB,
73427,46,1979-02-01T00:00,MDB*,Titular
74696,51,1999-02-01T00:00,PMDB,Titular
74310,50,1995-02-01T00:00,PMDB,Titular
139133,47,1983-02-01T00:00,PDS,Titular
73979,49,1991-02-01T00:00,PTB,Titular
73477,44,1971-02-01T00:00,MDB*,Titular
160559,54,2011-02-01T00:00,PMDB,Titular
204413,56,2019-02-01T00:00,PRP,
74828,49,1991-02-01T00:00,PTB,Titular
73428,49,1991-02-01T00:00,PCdoB,Titular
204545,56,2019-02-01T00:00,PSL,
204501,56,2019-02-01T00:00,PT,
160511,54,2011-02-01T00:00,PT,Titular
150635,53,2007-02-01T00:00,PMDB,
73458,51,1999-02-01T00:00,PTB,Titular
178972,55,2015-02-01T00:00,PPS,
204571,56,2019-02-01T00:00,PDT,
178875,55,2015-02-01T00:00,PSDB,
74829,50,1995-02-01T00:00,PSB,Titular
105534,56,2019-02-01T00:00,MDB,
204544,56,2019-02-01T00:00,PSL,
160545,54,2011-02-01T00:00,DEM,Titular
136226,52,2003-02-01T00:00,PMDB,
204503,56,2019-02-01T00:00,PT,
160579,54,2011-02-01T00:00,PSB,Titular
74830,50,1995-02-01T00:00,PSDB,Titular
178833,55,2015-02-01T00:00,PSD,
141374,52,2003-02-01T00:00,PL*,
169712,54,2011-02-01T00:00,PSDB,
178936,55,2015-02-01T00:00,PRP,
204516,56,2019-02-01T00:00,NOVO,
221148,56,2019-02-01T00:00,PT,
141454,53,2007-02-01T00:00,PSDB,Titular
178846,55,2015-02-01T00:00,PR,
116663,54,2011-02-01T00:00,PV,Titular
74057,52,2003-02-01T00:00,PCdoB,Titular
178927,55,2015-02-01T00:00,PCdoB,
141375,53,2007-02-01T00:00,PP**,Titular
204353,56,2019-02-01T00:00,PRB,
204400,56,2019-02-01T00:00,PSL,
74451,51,1999-02-01T00:00,PMDB,Titular
160626,54,2011-02-01T00:00,PMDB,Titular
74675,51,1999-02-01T00:00,PFL,Titular
74167,52,2003-02-01T00:00,PL*,Titular
74341,51,1999-02-01T00:00,PPB,Titular
73430,50,1995-02-01T00:00,PMDB,Titular
178937,55,2015-02-01T00:00,PR,
178881,55,2015-02-01T00:00,PSDC,
74036,52,2003-02-01T00:00,PMDB,
129617,52,2003-02-01T00:00,PL*,
204356,56,2019-02-01T00:00,PRB,
74260,52,2003-02-01T00:00,PRONA,Titular
160603,54,2011-02-01T00:00,PT,Titular
174861,54,2011-02-01T00:00,PMDB,
133440,52,2003-02-01T00:00,PSDB,
141377,53,2007-02-01T00:00,PSB,Titular
134115,52,2003-02-01T00:00,PT,
178973,55,2015-02-01T00:00,PT,
74146,52,2003-02-01T00:00,PL*,Titular
160551,54,2011-02-01T00:00,PR,Titular
178831,55,2015-02-01T00:00,PRB,
195143,55,2015-02-01T00:00,PMDB,
133377,52,2003-02-01T00:00,PT,
74471,51,1999-02-01T00:00,PFL,Titular
161905,54,2011-02-01T00:00,PSDB,
204423,56,2019-02-01T00:00,PSC,
133439,52,2003-02-01T00:00,PDT,
178882,55,2015-02-01T00:00,PEN,
204515,56,2019-02-01T00:00,AVANTE,
74168,52,2003-02-01T00:00,PMDB,Titular
159261,53,2007-02-01T00:00,PSDB,
160543,54,2011-02-01T00:00,PSC,Titular
141378,53,2007-02-01T00:00,PT,Titular
74377,52,2003-02-01T00:00,PDT,Titular
141379,53,2007-02-01T00:00,PSDB,Titular
178974,55,2015-02-01T00:00,PT,
192120,55,2015-02-01T00:00,PCdoB,
73696,49,1991-02-01T00:00,PDS,Titular
74699,51,1999-02-01T00:00,PT,Titular
141380,53,2007-02-01T00:00,PTC,Titular
178837,55,2015-02-01T00:00,PT,
141381,53,2007-02-01T00:00,PT,Titular
74212,50,1995-02-01T00:00,PMDB,Titular
74072,50,1995-02-01T00:00,PPR,Titular
73928,52,2003-02-01T00:00,PMDB,Titular
73937,52,2003-02-01T00:00,PT,Titular
133371,52,2003-02-01T00:00,PSDB,
160539,54,2011-02-01T00:00,PR,Titular
123756,54,2011-02-01T00:00,PSC,Titular
141387,53,2007-02-01T00:00,PMDB,Titular
74213,50,1995-02-01T00:00,PSDB,Titular
160553,54,2011-02-01T00:00,PTB,Titular
141383,53,2007-02-01T00:00,PMDB,Titular
74452,51,1999-02-01T00:00,PMDB,Titular
159262,53,2007-02-01T00:00,PSDB,
74373,52,2003-02-01T00:00,PT,Titular
73492,51,1999-02-01T00:00,PT,
152611,53,2007-02-01T00:00,PTB,
73584,48,1987-02-01T00:00,PFL,Titular
74058,52,2003-02-01T00:00,PFL,Titular
73431,50,1995-02-01T00:00,PSDB,Titular
73817,51,1999-02-01T00:00,PMDB,
73987,50,1995-02-01T00:00,PTB,Titular
160530,54,2011-02-01T00:00,PSDB,Titular
178950,55,2015-02-01T00:00,PMN,
74194,49,1991-02-01T00:00,PFL,
141388,53,2007-02-01T00:00,PT,Titular
73927,52,2003-02-01T00:00,PT,Titular
74701,51,1999-02-01T00:00,PT,Titular
141390,53,2007-02-01T00:00,PV,Titular
74648,49,1991-02-01T00:00,PFL,Titular
74103,49,1991-02-01T00:00,PSB,Titular
73433,50,1995-02-01T00:00,PT,Titular
74405,50,1995-02-01T00:00,PMDB,Titular
74472,51,1999-02-01T00:00,PMDB,Titular
160546,54,2011-02-01T00:00,PMN,Titular
73434,48,1987-02-01T00:00,PTB,Titular
141391,53,2007-02-01T00:00,PPS,Titular
160602,54,2011-02-01T00:00,PPS,Titular
73993,50,1995-02-01T00:00,PSDB,
141392,53,2007-02-01T00:00,PDT,Titular
74291,50,1995-02-01T00:00,PSDB,Titular
74833,47,1983-02-01T00:00,PDS,
74534,49,1991-02-01T00:00,PRN,Titular
204414,56,2019-02-01T00:00,PRB,
74287,52,2003-02-01T00:00,PFL,Titular
160541,54,2011-02-01T00:00,PP**,Titular
160600,54,2011-02-01T00:00,PMDB,Titular
178847,55,2015-02-01T00:00,PSDB,
160678,54,2011-02-01T00:00,PT,Titular
73683,51,1999-02-01T00:00,PT,
73435,49,1991-02-01T00:00,PMDB,Titular
74222,48,1987-02-01T00:00,PMDB,Titular
159237,54,2011-02-01T00:00,PT,Titular
74378,52,2003-02-01T00:00,PT,Titular
160581,54,2011-02-01T00:00,PCdoB,Titular
74147,52,2003-02-01T00:00,PPS,Titular
193165,55,2015-02-01T00:00,PSL,
74090,49,1991-02-01T00:00,PFL,Titular
74459,48,1987-02-01T00:00,PFL,Titular
160680,54,2011-02-01T00:00,PSB,Titular
73655,48,1987-02-01T00:00,PCB**,Titular
160665,54,2011-02-01T00:00,DEM,Titular
74441,49,1991-02-01T00:00,PSC,Titular
73889,50,1995-02-01T00:00,PPR,Titular
204509,56,2019-02-01T00:00,PSOL,
160512,54,2011-02-01T00:00,PRTB,Titular
74024,50,1995-02-01T00:00,PSDB,
74312,49,1991-02-01T00:00,PDS,Titular
74349,51,1999-02-01T00:00,PT,Titular
69871,55,2015-02-01T00:00,PTN,
74342,51,1999-02-01T00:00,PSDB,Titular
178975,55,2015-02-01T00:00,PMDB,
73663,50,1995-02-01T00:00,PMDB,Titular
141449,53,2007-02-01T00:00,PDT,Titular
74059,52,2003-02-01T00:00,PT,Titular
178834,54,2011-02-01T00:00,PSB,
141376,53,2007-02-01T00:00,PMDB,Titular
156634,53,2007-02-01T00:00,PTB,
73701,48,1987-02-01T00:00,PT,Titular
74517,50,1995-02-01T00:00,PFL,Titular
109429,56,2019-02-01T00:00,PTC,
74535,48,1987-02-01T00:00,PFL,Titular
74040,52,2003-02-01T00:00,PMDB,Titular
160554,54,2011-02-01T00:00,PSDB,Titular
74169,52,2003-02-01T00:00,PSB,Titular
109152,54,2011-02-01T00:00,PR,Titular
178915,55,2015-02-01T00:00,PSDB,
74321,50,1995-02-01T00:00,PFL,Titular
73478,51,1999-02-01T00:00,PSB,
141335,52,2003-02-01T00:00,PT,
73437,49,1991-02-01T00:00,PDT,Titular
204358,56,2019-02-01T00:00,PSDB,
178948,55,2015-02-01T00:00,PP**,
178906,55,2015-02-01T00:00,PROS,
207176,56,2019-02-01T00:00,PSDB,
204374,56,2019-02-01T00:00,PRP,
204388,56,2019-02-01T00:00,PSL,
141513,53,2007-02-01T00:00,PR,Titular
204561,56,2019-02-01T00:00,PSB,
74030,52,2003-02-01T00:00,PSDB,Titular
3155,53,2007-02-01T00:00,PFL,
74261,52,2003-02-01T00:00,PFL,Titular
74170,52,2003-02-01T00:00,PDT,Titular
74676,51,1999-02-01T00:00,PFL,Titular
74702,51,1999-02-01T00:00,PTB,Titular
204397,56,2019-02-01T00:00,PROS,
160538,54,2011-02-01T00:00,PT,Titular
74650,46,1979-02-01T00:00,ARENA,Titular
74052,52,2003-02-01T00:00,PSDB,Titular
204551,56,2019-02-01T00:00,SOLIDARIEDADE,
204502,56,2019-02-01T00:00,PSL,
141399,53,2007-02-01T00:00,PDT,Titular
160589,54,2011-02-01T00:00,PSDB,Titular
178999,55,2015-02-01T00:00,PTC,
141394,53,2007-02-01T00:00,PSDB,Titular
178976,55,2015-02-01T00:00,PSDB,
141393,53,2007-02-01T00:00,PSDB,Titular
141485,53,2007-02-01T00:00,PTB,Titular
178938,55,2015-02-01T00:00,PSOL,
168034,54,2011-02-01T00:00,PDT,
74577,51,1999-02-01T00:00,PL*,Titular
204520,56,2019-02-01T00:00,PSL,
178865,55,2015-02-01T00:00,PR,
105112,55,2015-02-01T00:00,PMDB,
93083,55,2015-02-01T00:00,PP**,
178853,55,2015-02-01T00:00,PT,
178891,55,2015-02-01T00:00,PSDB,
194261,55,2015-02-01T00:00,PR,
204352,56,2019-02-01T00:00,PSB,
141395,53,2007-02-01T00:00,PMDB,Titular
141396,53,2007-02-01T00:00,PT,Titular
204572,56,2019-02-01T00:00,PRB,
152606,53,2007-02-01T00:00,PSB,
178829,55,2015-02-01T00:00,PR,
204531,56,2019-02-01T00:00,PP,
178924,55,2015-02-01T00:00,PTB,
204487,56,2019-02-01T00:00,PROS,
133658,52,2003-02-01T00:00,PSDB,
213762,56,2019-02-01T00:00,PROS,
179379,54,2011-02-01T00:00,PV,
205303,55,2015-02-01T00:00,PMDB,
204507,56,2019-02-01T00:00,PSL,
160585,54,2011-02-01T00:00,PSDB,Titular
160584,54,2011-02-01T00:00,PT,
73469,51,1999-02-01T00:00,PT,Titular
74285,52,2003-02-01T00:00,PT,Titular
160318,53,2007-02-01T00:00,PFL,
141397,53,2007-02-01T00:00,PMDB,Titular
74290,52,2003-02-01T00:00,PSDB,Titular
178958,55,2015-02-01T00:00,PHS,
74473,51,1999-02-01T00:00,PSB,Titular
141401,46,1979-02-01T00:00,MDB*,Titular
141402,53,2007-02-01T00:00,PSDB,Titular
204361,56,2019-02-01T00:00,MDB,
74466,51,1999-02-01T00:00,PMDB,Titular
74474,51,1999-02-01T00:00,PMDB,Titular
178962,55,2015-02-01T00:00,PRB,
178993,55,2015-02-01T00:00,PMDB,
204460,56,2019-02-01T00:00,PSL,
141331,52,2003-02-01T00:00,PSB,
160605,54,2011-02-01T00:00,PP**,Titular
74163,52,2003-02-01T00:00,PDT,Titular
179381,54,2011-02-01T00:00,PT,
178900,55,2015-02-01T00:00,PMDB,
74651,50,1995-02-01T00:00,PFL,Titular
74484,52,2003-02-01T00:00,PL*,
73825,51,1999-02-01T00:00,PFL,
165583,54,2011-02-01T00:00,PSDB,
74262,52,2003-02-01T00:00,PSDB,Titular
74835,49,1991-02-01T00:00,PT,Titular
73934,52,2003-02-01T00:00,PL*,Titular
204426,56,2019-02-01T00:00,PT,
74148,52,2003-02-01T00:00,PSB,Titular
131873,45,1975-02-01T00:00,ARENA,Titular
141398,53,2007-02-01T00:00,PT,Titular
164360,54,2011-02-01T00:00,PPS,
204369,56,2019-02-01T00:00,PSL,
74489,52,2003-02-01T00:00,PSDB,
204499,56,2019-02-01T00:00,PSB,
141404,53,2007-02-01T00:00,PFL,Titular
74799,51,1999-02-01T00:00,PFL,Titular
160624,54,2011-02-01T00:00,PTB,Titular
204380,56,2019-02-01T00:00,PP,
204370,56,2019-02-01T00:00,PT,
178876,55,2015-02-01T00:00,PSDB,
204488,56,2019-02-01T00:00,PV,
73568,51,1999-02-01T00:00,PDT,
141405,53,2007-02-01T00:00,PMDB,Titular
72912,55,2015-02-01T00:00,PMDB,
73441,50,1995-02-01T00:00,PSDB,Titular
204496,56,2019-02-01T00:00,PSDB,
74195,49,1991-02-01T00:00,PFL,Titular
160664,54,2011-02-01T00:00,PSDB,Titular
160576,54,2011-02-01T00:00,PPS,Titular
74149,52,2003-02-01T00:00,PT,Titular
178838,55,2015-02-01T00:00,PSB,
73720,49,1991-02-01T00:00,PFL,Titular
73480,51,1999-02-01T00:00,PMDB,Titular
74379,52,2003-02-01T00:00,PPS,Titular
204504,56,2019-02-01T00:00,PSD,
157225,53,2007-02-01T00:00,PAN,
205476,56,2019-02-01T00:00,PSD,
141336,52,2003-02-01T00:00,PSDB,
204490,56,2019-02-01T00:00,PSL,
74181,50,1995-02-01T00:00,PMDB,Suplente
146308,53,2007-02-01T00:00,PR,
74171,52,2003-02-01T00:00,PT,Titular
141439,53,2007-02-01T00:00,PT,Titular
74000,50,1995-02-01T00:00,PDT,
158328,53,2007-02-01T00:00,PP**,
160634,54,2011-02-01T00:00,PRP,Titular
141440,53,2007-02-01T00:00,PCdoB,Titular
160365,53,2007-02-01T00:00,PSDB,
73595,51,1999-02-01T00:00,PFL,
204476,56,2019-02-01T00:00,AVANTE,
204462,56,2019-02-01T00:00,PSL,
178928,55,2015-02-01T00:00,PTN,
204440,56,2019-02-01T00:00,PP,
178841,55,2015-02-01T00:00,PRTB,
160580,54,2011-02-01T00:00,PP**,Titular
141501,53,2007-02-01T00:00,PT,Titular
141406,53,2007-02-01T00:00,PSB,Titular
74313,50,1995-02-01T00:00,PFL,Titular
141407,53,2007-02-01T00:00,PV,Titular
178939,55,2015-02-01T00:00,PR,
74537,50,1995-02-01T00:00,PFL,Titular
141057,52,2003-02-01T00:00,PSDB,
74263,52,2003-02-01T00:00,PPS,Titular
160557,54,2011-02-01T00:00,PT,Titular
137116,52,2003-02-01T00:00,PMDB,
141408,53,2007-02-01T00:00,PAN,Titular
74527,48,1987-02-01T00:00,PFL,Titular
74578,51,1999-02-01T00:00,PFL,Titular
141409,53,2007-02-01T00:00,PTC,Titular
141334,52,2003-02-01T00:00,PSB,
74026,52,2003-02-01T00:00,PFL,Titular
74230,50,1995-02-01T00:00,PMDB,
74380,52,2003-02-01T00:00,PT,Titular
178848,55,2015-02-01T00:00,PP**,
74097,50,1995-02-01T00:00,PMDB,Titular
73442,50,1995-02-01T00:00,PL*,Titular
74538,50,1995-02-01T00:00,PDT,Titular
73923,52,2003-02-01T00:00,PL*,Titular
204376,56,2019-02-01T00:00,PSL,
205302,55,2015-02-01T00:00,PRB,
204378,56,2019-02-01T00:00,PSL,
204514,56,2019-02-01T00:00,PSL,
74016,48,1987-02-01T00:00,PFL,Titular
178963,55,2015-02-01T00:00,PP**,
194258,55,2015-02-01T00:00,PSB,
93472,53,2007-02-01T00:00,PTB,
114586,54,2011-02-01T00:00,PTdoB,Titular
141410,53,2007-02-01T00:00,PFL,Titular
135054,56,2019-02-01T00:00,PR,
74579,51,1999-02-01T00:00,PSDB,Titular
204355,56,2019-02-01T00:00,PPS,
141411,53,2007-02-01T00:00,PDT,Titular
217330,56,2019-02-01T00:00,PSC,
141502,53,2007-02-01T00:00,PT,Titular
74467,51,1999-02-01T00:00,PTB,Titular
178892,55,2015-02-01T00:00,PMN,
74060,52,2003-02-01T00:00,PCdoB,Titular
178916,55,2015-02-01T00:00,PSDB,
159263,53,2007-02-01T00:00,PT,
204367,56,2019-02-01T00:00,PSL,
204454,56,2019-02-01T00:00,PSL,
204409,56,2019-02-01T00:00,PSDB,
144523,55,2015-02-01T00:00,PMDB,
204459,56,2019-02-01T00:00,MDB,
160528,54,2011-02-01T00:00,PSB,Titular
74654,50,1995-02-01T00:00,PSDB,Titular
62881,54,2011-02-01T00:00,PMDB,Titular
160552,54,2011-02-01T00:00,PTB,Titular
74187,49,1991-02-01T00:00,PFL,Titular
116379,56,2019-02-01T00:00,PSD,
73891,50,1995-02-01T00:00,PMDB,Titular
73924,52,2003-02-01T00:00,PDT,Titular
141412,53,2007-02-01T00:00,PDT,Titular
205548,56,2019-02-01T00:00,PSOL,Suplente
204511,56,2019-02-01T00:00,DEM,
101309,55,2015-02-01T00:00,PCdoB,
141413,53,2007-02-01T00:00,PT,Titular
196357,55,2015-02-01T00:00,PR,
204451,56,2019-02-01T00:00,PSL,
178908,55,2015-02-01T00:00,PSD,
178893,55,2015-02-01T00:00,PTN,
160646,54,2011-02-01T00:00,PSDB,Titular
204512,56,2019-02-01T00:00,PSL,
204569,56,2019-02-01T00:00,PSL,
160606,54,2011-02-01T00:00,PCdoB,Titular
164359,54,2011-02-01T00:00,PSDB,
74172,52,2003-02-01T00:00,PV,Titular
73445,48,1987-02-01T00:00,PDS,Titular
174854,54,2011-02-01T00:00,PV,
204542,56,2019-02-01T00:00,PSB,
74252,52,2003-02-01T00:00,PSDB,Titular
185500,55,2015-02-01T00:00,PDT,
73704,49,1991-02-01T00:00,PMDB,Titular
213856,56,2019-02-01T00:00,PROS,
74264,52,2003-02-01T00:00,PT,Titular
160588,54,2011-02-01T00:00,PR,Titular
178929,55,2015-02-01T00:00,PHS,
73768,50,1995-02-01T00:00,PP***,Titular
134893,52,2003-02-01T00:00,PT,
160599,54,2011-02-01T00:00,PP**,Titular
74265,52,2003-02-01T00:00,PPS,Titular
141415,53,2007-02-01T00:00,PSDB,Titular
74468,51,1999-02-01T00:00,PMDB,Titular
74197,50,1995-02-01T00:00,PT,Titular
143632,54,2011-02-01T00:00,PSB,Titular
160758,54,2011-02-01T00:00,PSDB,Titular
204450,56,2019-02-01T00:00,PP,
141371,53,2007-02-01T00:00,PR,Titular
213854,56,2019-02-01T00:00,PROS,
160529,54,2011-02-01T00:00,PV,Titular
141414,53,2007-02-01T00:00,PDT,
74343,51,1999-02-01T00:00,PFL,Titular
118384,54,2011-02-01T00:00,PMN,
170489,54,2011-02-01T00:00,PDT,
74705,51,1999-02-01T00:00,PSB,Titular
74150,52,2003-02-01T00:00,PTB,Titular
165675,54,2011-02-01T00:00,PSL,
204518,56,2019-02-01T00:00,PATRI,
212625,56,2019-02-01T00:00,AVANTE,
160514,54,2011-02-01T00:00,PSL,Titular
74680,51,1999-02-01T00:00,PSDB,Titular
74779,51,1999-02-01T00:00,PDT,Titular
204481,56,2019-02-01T00:00,PR,
178940,55,2015-02-01T00:00,PR,
213679,56,2019-02-01T00:00,PROS,
160643,54,2011-02-01T00:00,PDT,Titular
204439,56,2019-02-01T00:00,SOLIDARIEDADE,
74094,50,1995-02-01T00:00,PMDB,Titular
204351,56,2019-02-01T00:00,PSL,
141540,53,2007-02-01T00:00,PV,Titular
147975,53,2007-02-01T00:00,PTB,
73542,50,1995-02-01T00:00,PMDB,Titular
74027,52,2003-02-01T00:00,PSB,Titular
152610,53,2007-02-01T00:00,PTB,
73920,52,2003-02-01T00:00,PDT,Titular
73459,51,1999-02-01T00:00,PT,Titular
178830,54,2011-02-01T00:00,PV,
141550,53,2007-02-01T00:00,PV,Titular
141498,53,2007-02-01T00:00,PSB,Titular
204412,56,2019-02-01T00:00,DEM,
74381,52,2003-02-01T00:00,PT,Titular
166727,54,2011-02-01T00:00,PSB,
81297,56,2019-02-01T00:00,PSL,
204434,56,2019-02-01T00:00,SOLIDARIEDADE,
141385,53,2007-02-01T00:00,PSDB,Titular
161904,54,2011-02-01T00:00,PSDB,
177118,54,2011-02-01T00:00,PSDC,
178994,55,2015-02-01T00:00,PMDB,
74266,52,2003-02-01T00:00,PT,Titular
141416,53,2007-02-01T00:00,PMDB,Titular
143253,53,2007-02-01T00:00,PV,
204562,56,2019-02-01T00:00,PSD,
73447,50,1995-02-01T00:00,PMDB,Titular
73793,50,1995-02-01T00:00,PMDB,Titular
133375,52,2003-02-01T00:00,PSB,
141417,53,2007-02-01T00:00,PMDB,Titular
73599,51,1999-02-01T00:00,PTB,
73794,49,1991-02-01T00:00,PMDB,
160616,54,2011-02-01T00:00,PTC,Titular
160578,54,2011-02-01T00:00,PSC,Titular
74580,49,1991-02-01T00:00,PRN,Titular
134812,55,2015-02-01T00:00,PSOL,
139187,48,1987-02-01T00:00,PCdoB,Titular
73827,48,1987-02-01T00:00,PSDB,
204421,56,2019-02-01T00:00,PSDB,
74267,52,2003-02-01T00:00,PTB,Titular
141418,53,2007-02-01T00:00,PSDB,Titular
74061,52,2003-02-01T00:00,PV,Titular
74838,50,1995-02-01T00:00,PDT,Titular
160618,54,2011-02-01T00:00,PCdoB,Titular
141419,53,2007-02-01T00:00,PT,Titular
74106,49,1991-02-01T00:00,PDT,Titular
141420,53,2007-02-01T00:00,PSC,Titular
160647,54,2011-02-01T00:00,PSDB,Titular
74655,50,1995-02-01T00:00,PSDB,Titular
204541,56,2019-02-01T00:00,PDT,
92346,55,2015-02-01T00:00,PSC,
204552,56,2019-02-01T00:00,PMN,
74416,50,1995-02-01T00:00,PSB,Titular
204500,56,2019-02-01T00:00,PTB,
74173,52,2003-02-01T00:00,PPB,Titular
178977,55,2015-02-01T00:00,PSDB,
141421,53,2007-02-01T00:00,PP**,Titular
73945,52,2003-02-01T00:00,PSDB,Titular
4928,53,2007-02-01T00:00,PSB,
150876,53,2007-02-01T00:00,PPS,
74683,51,1999-02-01T00:00,PFL,Titular
74382,52,2003-02-01T00:00,PFL,Titular
74344,51,1999-02-01T00:00,PTB,Titular
73938,52,2003-02-01T00:00,PT,Titular
74494,52,2003-02-01T00:00,PT,
141422,53,2007-02-01T00:00,PFL,Titular
74174,52,2003-02-01T00:00,PTB,Titular
74075,50,1995-02-01T00:00,PMDB,Titular
154919,53,2007-02-01T00:00,PFL,
204364,56,2019-02-01T00:00,SOLIDARIEDADE,
160532,54,2011-02-01T00:00,DEM,Titular
162175,54,2011-02-01T00:00,PT,
204389,56,2019-02-01T00:00,PSB,
141423,53,2007-02-01T00:00,PP**,Titular
74268,52,2003-02-01T00:00,PRONA,Titular
74198,50,1995-02-01T00:00,PFL,Titular
73892,50,1995-02-01T00:00,PMDB,Titular
74657,50,1995-02-01T00:00,PFL,Titular
141424,53,2007-02-01T00:00,PT,Titular
220008,56,2019-02-01T00:00,PP,
152609,53,2007-02-01T00:00,PTB,
181316,55,2015-02-01T00:00,SD,
178883,55,2015-02-01T00:00,PPS,
178854,55,2015-02-01T00:00,DEM,
221149,56,2019-02-01T00:00,PT,
218086,56,2019-02-01T00:00,PRB,
74119,50,1995-02-01T00:00,PSDB,
198783,56,2019-02-01T00:00,PTB,
161550,56,2019-02-01T00:00,PSB,
153384,53,2007-02-01T00:00,PT,
154997,53,2007-02-01T00:00,PT,
74269,52,2003-02-01T00:00,PRONA,Titular
207309,56,2019-02-01T00:00,PSL,
73893,50,1995-02-01T00:00,PDT,Titular
132504,55,2015-02-01T00:00,PT,
74402,52,2003-02-01T00:00,PTB,Efetivado
74408,50,1995-02-01T00:00,PPR,Titular
204537,56,2019-02-01T00:00,PV,
74393,52,2003-02-01T00:00,PPB,Titular
160575,54,2011-02-01T00:00,PT,Titular
99654,53,2007-02-01T00:00,PSC,
141425,53,2007-02-01T00:00,PTB,Titular
171782,54,2011-02-01T00:00,PCdoB,
160640,54,2011-02-01T00:00,PTB,Titular
160649,46,1979-02-01T00:00,PDS,Titular
204482,56,2019-02-01T00:00,PSC,
141386,53,2007-02-01T00:00,PT,Titular
141426,53,2007-02-01T00:00,PP**,Titular
74454,51,1999-02-01T00:00,PMDB,Titular
202915,55,2015-02-01T00:00,PP**,
171621,54,2011-02-01T00:00,PV,
74099,50,1995-02-01T00:00,PDT,Titular
178871,55,2015-02-01T00:00,PV,
178828,55,2015-02-01T00:00,PV,
74345,51,1999-02-01T00:00,PSB,Titular
178930,55,2015-02-01T00:00,PSD,
178953,55,2015-02-01T00:00,SD,
178904,55,2015-02-01T00:00,PP**,
178941,55,2015-02-01T00:00,SD,
211866,56,2019-02-01T00:00,PPS,
146829,55,2015-02-01T00:00,PT,
219920,56,2019-02-01T00:00,PSB,
178969,55,2015-02-01T00:00,PSD,
141428,53,2007-02-01T00:00,PMN,Titular
178905,55,2015-02-01T00:00,PSB,
68720,56,2019-02-01T00:00,PDT,
141427,53,2007-02-01T00:00,PV,Titular
171623,54,2011-02-01T00:00,PMDB,
149327,53,2007-02-01T00:00,PFL,
204368,56,2019-02-01T00:00,PSL,
178877,55,2015-02-01T00:00,PSDB,
74062,52,2003-02-01T00:00,PFL,Titular
160587,54,2011-02-01T00:00,PMDB,Titular
190149,55,2015-02-01T00:00,PSB,
74037,52,2003-02-01T00:00,PT,Titular
74065,49,1991-02-01T00:00,PFL,Titular
66828,55,2015-02-01T00:00,PRB,
204477,56,2019-02-01T00:00,PSL,
141430,53,2007-02-01T00:00,PHS,Titular
72442,55,2015-02-01T00:00,PSB,
204398,56,2019-02-01T00:00,PSL,
141429,53,2007-02-01T00:00,PFL,Titular
204371,56,2019-02-01T00:00,PSB,
205234,55,2015-02-01T00:00,PODE,
160666,54,2011-02-01T00:00,PDT,Titular
74542,47,1983-02-01T00:00,PTB,Titular
204407,56,2019-02-01T00:00,PSOL,
212504,56,2019-02-01T00:00,AVANTE,
154734,53,2007-02-01T00:00,PDT,
141344,52,2003-02-01T00:00,PSDB,
141431,53,2007-02-01T00:00,PSB,Titular
73471,51,1999-02-01T00:00,PDT,Titular
74063,52,2003-02-01T00:00,PFL,Titular
74658,49,1991-02-01T00:00,PMDB,Titular
136377,52,2003-02-01T00:00,PL*,
74417,50,1995-02-01T00:00,PT,Titular
74841,50,1995-02-01T00:00,PV,Titular
74842,50,1995-02-01T00:00,PTB,Titular
163831,54,2011-02-01T00:00,PMDB,
74843,49,1991-02-01T00:00,PDT,Titular
73481,51,1999-02-01T00:00,PT,Titular
141432,53,2007-02-01T00:00,PT,Titular
92699,55,2015-02-01T00:00,PP**,
152608,53,2007-02-01T00:00,PT,
204427,56,2019-02-01T00:00,PHS,
160676,54,2011-02-01T00:00,DEM,Titular
74487,52,2003-02-01T00:00,PSB,
179383,54,2011-02-01T00:00,PMDB,
74771,50,1995-02-01T00:00,PSDB,Titular
204411,56,2019-02-01T00:00,PSL,
141433,53,2007-02-01T00:00,PSC,Titular
204354,56,2019-02-01T00:00,PR,
160598,54,2011-02-01T00:00,PDT,Titular
141434,53,2007-02-01T00:00,PMDB,Titular
178978,55,2015-02-01T00:00,PSB,
159260,53,2007-02-01T00:00,PSDB,
141435,53,2007-02-01T00:00,PMDB,Titular
141436,53,2007-02-01T00:00,PCdoB,Titular
191923,55,2015-02-01T00:00,PDT,
74700,51,1999-02-01T00:00,PTB,Titular
204447,56,2019-02-01T00:00,PSD,
178979,55,2015-02-01T00:00,PSDB,
74033,52,2003-02-01T00:00,PT,Titular
74480,52,2003-02-01T00:00,PPB,
172029,54,2011-02-01T00:00,PT,
178907,55,2015-02-01T00:00,PSD,
178387,54,2011-02-01T00:00,PT,
74844,48,1987-02-01T00:00,PFL,Titular
137983,52,2003-02-01T00:00,PMDB,
160677,54,2011-02-01T00:00,PR,Titular
74355,51,1999-02-01T00:00,PFL,Titular
204392,56,2019-02-01T00:00,PSD,
141438,53,2007-02-01T00:00,PT,Titular
73981,49,1991-02-01T00:00,PTB,Titular
139212,46,1979-02-01T00:00,ARENA,Titular
141467,53,2007-02-01T00:00,PMN,Titular
74394,52,2003-02-01T00:00,PPB,Titular
204510,56,2019-02-01T00:00,PHS,
141437,53,2007-02-01T00:00,PTB,Titular
186775,55,2015-02-01T00:00,PTdoB,
204494,56,2019-02-01T00:00,PATRI,
137578,52,2003-02-01T00:00,PPS,
86634,53,2007-02-01T00:00,PCdoB,
204393,56,2019-02-01T00:00,PT,
74189,48,1987-02-01T00:00,PMDB,
204651,55,2015-02-01T00:00,PT,
160537,54,2011-02-01T00:00,PSB,Titular
129037,54,2011-02-01T00:00,PT,Titular
74200,50,1995-02-01T00:00,PMDB,Titular
165429,54,2011-02-01T00:00,PMDB,
74544,49,1991-02-01T00:00,PMDB,Titular
115746,56,2019-02-01T00:00,PHS,
160669,54,2011-02-01T00:00,PMDB,Titular
204473,56,2019-02-01T00:00,PSL,
204484,56,2019-02-01T00:00,PSL,
204527,56,2019-02-01T00:00,DEM,
141441,53,2007-02-01T00:00,PP**,Titular
178966,55,2015-02-01T00:00,PSDB,
145895,54,2011-02-01T00:00,PMDB,
155920,53,2007-02-01T00:00,PSOL,
141442,53,2007-02-01T00:00,PMDB,Titular
74374,52,2003-02-01T00:00,PPS,Titular
74566,51,1999-02-01T00:00,PT,Titular
74151,52,2003-02-01T00:00,PPS,Titular
141443,53,2007-02-01T00:00,PFL,Titular
141444,53,2007-02-01T00:00,PFL,Titular
74567,51,1999-02-01T00:00,PFL,Titular
74076,47,1983-02-01T00:00,PDS,Titular
204394,56,2019-02-01T00:00,PSB,
74066,50,1995-02-01T00:00,PSB,Titular
73472,51,1999-02-01T00:00,PFL,Titular
74383,52,2003-02-01T00:00,PPS,Titular
204575,56,2019-02-01T00:00,PDT,
204491,56,2019-02-01T00:00,PRB,
179380,54,2011-02-01T00:00,PT,
74778,51,1999-02-01T00:00,PFL,Titular
74270,52,2003-02-01T00:00,PSB,Titular
204570,56,2019-02-01T00:00,PMN,
74581,51,1999-02-01T00:00,PT,Titular
204365,56,2019-02-01T00:00,NOVO,
160673,54,2011-02-01T00:00,PDT,Titular
178996,55,2015-02-01T00:00,PMDB,
74077,49,1991-02-01T00:00,PDT,Titular
160562,54,2011-02-01T00:00,PR,Titular
159265,53,2007-02-01T00:00,PSDB,
178878,55,2015-02-01T00:00,PSDB,
74558,51,1999-02-01T00:00,PSB,Titular
178872,55,2015-02-01T00:00,PT,
141446,53,2007-02-01T00:00,PP**,Titular
152605,53,2007-02-01T00:00,PSB,
204419,56,2019-02-01T00:00,PSC,
107283,56,2019-02-01T00:00,PT,
173802,54,2011-02-01T00:00,PR,
74294,49,1991-02-01T00:00,PMDB,Titular
74419,48,1987-02-01T00:00,PMDB,Titular
129618,52,2003-02-01T00:00,PFL,
178980,55,2015-02-01T00:00,PSD,
198197,56,2019-02-01T00:00,AVANTE,
204513,56,2019-02-01T00:00,PSL,
141447,53,2007-02-01T00:00,PFL,Titular
194259,55,2015-02-01T00:00,PSDB,
74139,52,2003-02-01T00:00,PT,Titular
160667,54,2011-02-01T00:00,PV,Titular
204442,56,2019-02-01T00:00,PSL,
73460,51,1999-02-01T00:00,PMDB,Titular
205298,55,2015-02-01T00:00,PHS,
176120,54,2011-02-01T00:00,PCdoB,
204408,56,2019-02-01T00:00,SOLIDARIEDADE,
204456,56,2019-02-01T00:00,MDB,
204465,56,2019-02-01T00:00,PSD,
204548,56,2019-02-01T00:00,PSL,
178964,55,2015-02-01T00:00,PSB,
175737,54,2011-02-01T00:00,PT,
178873,55,2015-02-01T00:00,PT,
73582,51,1999-02-01T00:00,PSDB,
74053,52,2003-02-01T00:00,PL*,Titular
204373,56,2019-02-01T00:00,PRB,
73925,52,2003-02-01T00:00,PT,Titular
178909,55,2015-02-01T00:00,DEM,
204444,56,2019-02-01T00:00,PSL,
160590,54,2011-02-01T00:00,PSDB,Titular
73940,52,2003-02-01T00:00,PT,Titular
217036,56,2019-02-01T00:00,PRB,
74324,44,1971-02-01T00:00,MDB*,Titular
73482,51,1999-02-01T00:00,PT,Titular
68731,54,2011-02-01T00:00,PR,Titular
97707,46,1979-02-01T00:00,PMDB,
204539,56,2019-02-01T00:00,MDB,
74660,50,1995-02-01T00:00,PMN,Titular
178981,55,2015-02-01T00:00,PSD,
73772,50,1995-02-01T00:00,PMDB,Titular
160596,54,2011-02-01T00:00,DEM,Titular
178884,55,2015-02-01T00:00,PMDB,
178959,55,2015-02-01T00:00,PMN,
178849,55,2015-02-01T00:00,PPS,
73946,52,2003-02-01T00:00,PTB,Titular
141448,53,2007-02-01T00:00,PPS,Titular
141450,53,2007-02-01T00:00,PSC,Titular
160674,54,2011-02-01T00:00,PMDB,Titular
160974,45,1975-02-01T00:00,ARENA,Titular
73935,52,2003-02-01T00:00,PL*,Titular
74662,45,1975-02-01T00:00,ARENA,Titular
74780,51,1999-02-01T00:00,PT,Titular
74325,47,1983-02-01T00:00,PDS,Suplente
74663,45,1975-02-01T00:00,ARENA,
133853,47,1983-02-01T00:00,PMDB,Titular
204533,56,2019-02-01T00:00,PDT,
204564,56,2019-02-01T00:00,PHS,
204508,56,2019-02-01T00:00,PODE,
173262,54,2011-02-01T00:00,PT,
141451,53,2007-02-01T00:00,PPS,Titular
74271,52,2003-02-01T00:00,PRONA,Titular
194592,55,2015-02-01T00:00,PMN,
74295,50,1995-02-01T00:00,PCdoB,Titular
74469,51,1999-02-01T00:00,PMDB,Titular
141389,53,2007-02-01T00:00,PFL,Titular
74421,45,1975-02-01T00:00,ARENA,Titular
67138,54,2011-02-01T00:00,PP**,Titular
81232,54,2011-02-01T00:00,DEM,Titular
141468,53,2007-02-01T00:00,PT,Titular
138512,52,2003-02-01T00:00,PDT,
74162,52,2003-02-01T00:00,PT,
141453,53,2007-02-01T00:00,PMDB,Titular
73461,51,1999-02-01T00:00,PTB,Titular
178855,55,2015-02-01T00:00,PSC,
74152,52,2003-02-01T00:00,PSB,Titular
204436,56,2019-02-01T00:00,MDB,
159264,53,2007-02-01T00:00,PMDB,
74846,50,1995-02-01T00:00,PDT,Titular
74562,51,1999-02-01T00:00,PPS,Titular
74387,52,2003-02-01T00:00,PPB,Titular
73531,50,1995-02-01T00:00,PT,Titular
74153,52,2003-02-01T00:00,PT,Titular
4931,53,2007-02-01T00:00,PFL,
196378,55,2015-02-01T00:00,PSDB,
77701,46,1979-02-01T00:00,PMDB,Titular
73929,45,1975-02-01T00:00,MDB*,Titular
74665,50,1995-02-01T00:00,PFL,Titular
74847,49,1991-02-01T00:00,PDC,Titular
133376,52,2003-02-01T00:00,PDT,
74547,48,1987-02-01T00:00,PFL,Titular
3151,53,2007-02-01T00:00,PFL,
74272,52,2003-02-01T00:00,PCdoB,Titular
74848,49,1991-02-01T00:00,PCdoB,Titular
73926,52,2003-02-01T00:00,PSB,Titular
141455,53,2007-02-01T00:00,PT,Titular
160675,54,2011-02-01T00:00,PRP,Titular
108338,56,2019-02-01T00:00,PP,
97822,54,2011-02-01T00:00,PMN,Titular
131943,45,1975-02-01T00:00,MDB*,Titular
154739,53,2007-02-01T00:00,PSDB,
160672,54,2011-02-01T00:00,PSOL,Titular
74273,52,2003-02-01T00:00,PSB,Titular
160570,54,2011-02-01T00:00,PP**,Titular
74528,49,1991-02-01T00:00,PFL,Titular
178839,55,2015-02-01T00:00,PMDB,
160671,54,2011-02-01T00:00,PT,Titular
204435,56,2019-02-01T00:00,PDT,
178842,55,2015-02-01T00:00,SD,
160531,54,2011-02-01T00:00,PRB,Titular
141456,53,2007-02-01T00:00,PT,Titular
141503,53,2007-02-01T00:00,PCdoB,Titular
74031,52,2003-02-01T00:00,PT,Titular
74549,49,1991-02-01T00:00,PMDB,Titular
160574,54,2011-02-01T00:00,PCdoB,Titular
160573,54,2011-02-01T00:00,PMDB,Titular
160317,53,2007-02-01T00:00,PMDB,
141457,53,2007-02-01T00:00,PFL,Titular
74559,51,1999-02-01T00:00,PMN,Titular
74366,52,2003-02-01T00:00,PSDB,Titular
74131,48,1987-02-01T00:00,PMDB,Titular
141458,53,2007-02-01T00:00,PR,Titular
74445,44,1971-02-01T00:00,ARENA,Titular
73941,52,2003-02-01T00:00,PMDB,Titular
73682,51,1999-02-01T00:00,PMDB,
178970,55,2015-02-01T00:00,PT,
178965,55,2015-02-01T00:00,PCdoB,
178917,55,2015-02-01T00:00,PSB,
74054,52,2003-02-01T00:00,PT,Titular
73454,51,1999-02-01T00:00,PT,Titular
178856,55,2015-02-01T00:00,PSDB,
204429,56,2019-02-01T00:00,PSB,
74781,47,1983-02-01T00:00,PMDB,Titular
74550,50,1995-02-01T00:00,PSDB,Titular
74049,52,2003-02-01T00:00,PTB,Titular
74120,50,1995-02-01T00:00,PPB,
73572,51,1999-02-01T00:00,PT,
141459,53,2007-02-01T00:00,PR,Titular
112437,55,2015-02-01T00:00,PMDB,
73873,50,1995-02-01T00:00,PMDB,Titular
141460,53,2007-02-01T00:00,PFL,Titular
73534,50,1995-02-01T00:00,PT,Titular
74154,52,2003-02-01T00:00,PL*,Titular
178967,55,2015-02-01T00:00,PSD,
160549,54,2011-02-01T00:00,PT,Titular
178988,55,2015-02-01T00:00,PSDB,
73874,50,1995-02-01T00:00,PPR,Titular
160571,54,2011-02-01T00:00,DEM,Titular
204576,56,2019-02-01T00:00,PRB,
74240,49,1991-02-01T00:00,PDS,Titular
141461,53,2007-02-01T00:00,PMDB,Titular
74477,48,1987-02-01T00:00,PFL,Titular
178910,55,2015-02-01T00:00,PSD,
214865,56,2019-02-01T00:00,PPS,
73575,51,1999-02-01T00:00,PFL,
204468,56,2019-02-01T00:00,REDE,
73658,48,1987-02-01T00:00,PFL,Titular
204546,56,2019-02-01T00:00,PSL,
160548,54,2011-02-01T00:00,PSB,Titular
194262,55,2015-02-01T00:00,PMDB,
217480,56,2019-02-01T00:00,PSD,
74568,51,1999-02-01T00:00,PPB,Titular
178971,55,2015-02-01T00:00,PRB,
74563,51,1999-02-01T00:00,PMDB,Titular
74686,51,1999-02-01T00:00,PT,Titular
74388,52,2003-02-01T00:00,PT,Titular
205550,56,2019-02-01T00:00,PRB,Suplente
160572,54,2011-02-01T00:00,PTB,Titular
214694,56,2019-02-01T00:00,PR,
74495,52,2003-02-01T00:00,PSB,
74552,49,1991-02-01T00:00,PFL,Titular
73569,51,1999-02-01T00:00,PRONA,
178857,55,2015-02-01T00:00,PT,
73535,49,1991-02-01T00:00,PMDB,Titular
135476,52,2003-02-01T00:00,PSDB,
4927,53,2007-02-01T00:00,PFL,
160509,54,2011-02-01T00:00,PSDB,Titular
218245,56,2019-02-01T00:00,PR,
141464,53,2007-02-01T00:00,PT,Titular
73536,49,1991-02-01T00:00,PSDB,
73831,49,1991-02-01T00:00,PL*,Titular
160661,54,2011-02-01T00:00,PTB,Titular
73775,50,1995-02-01T00:00,PTB,Titular
74553,49,1991-02-01T00:00,PFL,Titular
74140,52,2003-02-01T00:00,PFL,Titular
74671,51,1999-02-01T00:00,PTB,Titular
74055,52,2003-02-01T00:00,PFL,Titular
73462,47,1983-02-01T00:00,PDS,Titular
73875,50,1995-02-01T00:00,PFL,Titular
74423,50,1995-02-01T00:00,PSB,Titular
160560,54,2011-02-01T00:00,PT,Titular
74782,49,1991-02-01T00:00,PT,Titular
74175,52,2003-02-01T00:00,PMDB,Titular
151249,53,2007-02-01T00:00,PR,
74274,52,2003-02-01T00:00,PT,Titular
141466,53,2007-02-01T00:00,PV,Titular
131966,47,1983-02-01T00:00,PMDB,Titular
73901,49,1991-02-01T00:00,PT,Titular
73540,47,1983-02-01T00:00,PT,Titular
141470,53,2007-02-01T00:00,PT,Titular
160396,53,2007-02-01T00:00,PPS,
74401,52,2003-02-01T00:00,PMDB,Titular
73776,50,1995-02-01T00:00,PP***,Titular
74297,49,1991-02-01T00:00,PSDB,Titular
151965,53,2007-02-01T00:00,PFL,
204386,56,2019-02-01T00:00,DEM,
204472,56,2019-02-01T00:00,PODE,
74425,46,1979-02-01T00:00,ARENA,
74275,52,2003-02-01T00:00,PT,Titular
74584,51,1999-02-01T00:00,PSDB,Titular
74426,49,1991-02-01T00:00,PFL,Titular
204391,56,2019-02-01T00:00,PODE,
160619,54,2011-02-01T00:00,DEM,Titular
74395,52,2003-02-01T00:00,PPB,Titular
141471,53,2007-02-01T00:00,PV,Titular
74298,50,1995-02-01T00:00,PT,Titular
74079,50,1995-02-01T00:00,PMDB,Titular
74488,52,2003-02-01T00:00,PSDB,
73714,49,1991-02-01T00:00,PFL,Titular
204555,56,2019-02-01T00:00,PT,
71921,53,2007-02-01T00:00,PT,
74554,50,1995-02-01T00:00,PFL,Titular
74741,48,1987-02-01T00:00,PFL,Titular
160607,54,2011-02-01T00:00,PSB,Titular
74520,47,1983-02-01T00:00,PDS,Titular
152607,53,2007-02-01T00:00,PSDB,
209189,56,2019-02-01T00:00,PT,
4929,53,2007-02-01T00:00,PT,
114941,55,2015-02-01T00:00,PMDB,
74141,52,2003-02-01T00:00,PT,Titular
74176,52,2003-02-01T00:00,PSB,Titular
204563,56,2019-02-01T00:00,PR,
215043,56,2019-02-01T00:00,PHS,
74351,51,1999-02-01T00:00,PTB,Titular
73666,50,1995-02-01T00:00,PSDB,Titular
74276,52,2003-02-01T00:00,PV,Titular
178851,55,2015-02-01T00:00,PTB,
204474,56,2019-02-01T00:00,MDB,
67312,55,2015-02-01T00:00,PSC,
204420,56,2019-02-01T00:00,PSL,
141474,53,2007-02-01T00:00,PDT,Titular
160519,46,1979-02-01T00:00,ARENA,Titular
74317,50,1995-02-01T00:00,PFL,Titular
204372,56,2019-02-01T00:00,PRB,
73586,51,1999-02-01T00:00,PMDB,
74253,52,2003-02-01T00:00,PPB,Titular
73994,50,1995-02-01T00:00,PPR,
74783,51,1999-02-01T00:00,PSDB,Titular
204457,56,2019-02-01T00:00,DEM,
73942,52,2003-02-01T00:00,PPS,Titular
160648,54,2011-02-01T00:00,PMDB,Titular
201357,55,2015-02-01T00:00,PSD,
204497,56,2019-02-01T00:00,PSD,
204574,56,2019-02-01T00:00,PR,
204550,56,2019-02-01T00:00,PATRI,
178885,55,2015-02-01T00:00,PEN,
159058,53,2007-02-01T00:00,PFL,
160544,54,2011-02-01T00:00,DEM,Titular
74346,51,1999-02-01T00:00,PMDB,Titular
74493,52,2003-02-01T00:00,PSB,
141475,53,2007-02-01T00:00,PSC,Titular
178886,55,2015-02-01T00:00,PRP,
141476,53,2007-02-01T00:00,PFL,Titular
74570,47,1983-02-01T00:00,PDS,Titular
141477,53,2007-02-01T00:00,PT,Titular
178918,55,2015-02-01T00:00,PHS,
73592,51,1999-02-01T00:00,PFL,
160659,54,2011-02-01T00:00,PSB,Titular
74396,52,2003-02-01T00:00,PTB,Titular
204536,56,2019-02-01T00:00,DEM,
74742,48,1987-02-01T00:00,PFL,Titular
151208,53,2007-02-01T00:00,PSDB,
141478,53,2007-02-01T00:00,PMDB,Titular
98057,56,2019-02-01T00:00,PRB,
178894,55,2015-02-01T00:00,PMDB,
74856,50,1995-02-01T00:00,PP***,Titular
141479,53,2007-02-01T00:00,PSB,Titular
160534,54,2011-02-01T00:00,PSC,Titular
74463,51,1999-02-01T00:00,PFL,Titular
141480,53,2007-02-01T00:00,PP**,Titular
178832,55,2015-02-01T00:00,PV,
141481,53,2007-02-01T00:00,PPS,Titular
74367,52,2003-02-01T00:00,PMDB,Titular
204375,56,2019-02-01T00:00,AVANTE,
141562,53,2007-02-01T00:00,PMDB,Titular
74455,51,1999-02-01T00:00,PSDB,Titular
178825,55,2015-02-01T00:00,PT,
204359,56,2019-02-01T00:00,PODE,
204547,56,2019-02-01T00:00,PSL,
179385,54,2011-02-01T00:00,PMDB,
141452,53,2007-02-01T00:00,PRB,Titular
73473,51,1999-02-01T00:00,PPB,Titular
73716,48,1987-02-01T00:00,PDC,
122195,54,2011-02-01T00:00,PSC,
74155,52,2003-02-01T00:00,PV,Titular
74156,52,2003-02-01T00:00,PT,Titular
74254,52,2003-02-01T00:00,PMDB,Titular
141482,53,2007-02-01T00:00,PMDB,Titular
74368,52,2003-02-01T00:00,PPB,Titular
74299,50,1995-02-01T00:00,PSDB,Titular
160663,54,2011-02-01T00:00,PSB,Titular
92102,56,2019-02-01T00:00,DEM,
139285,48,1987-02-01T00:00,PCdoB,Titular
160533,54,2011-02-01T00:00,PR,Titular
74585,51,1999-02-01T00:00,PST,Titular
74858,50,1995-02-01T00:00,PCdoB,Titular
141483,53,2007-02-01T00:00,PV,Titular
74800,51,1999-02-01T00:00,PSDB,Titular
141462,53,2007-02-01T00:00,PFL,Titular
204405,56,2019-02-01T00:00,PSB,
74277,52,2003-02-01T00:00,PSDB,Titular
204382,56,2019-02-01T00:00,PSL,
196358,55,2015-02-01T00:00,PSDC,
160555,54,2011-02-01T00:00,PTdoB,Titular
81366,55,2015-02-01T00:00,PSB,
219592,56,2019-02-01T00:00,DEM,
204523,56,2019-02-01T00:00,NOVO,
204404,56,2019-02-01T00:00,PSDB,
178879,55,2015-02-01T00:00,SD,
141504,53,2007-02-01T00:00,PR,Titular
73474,49,1991-02-01T00:00,PT,Titular
65987,48,1987-02-01T00:00,PFL,Titular
81512,53,2007-02-01T00:00,PR,
74397,52,2003-02-01T00:00,PT,Titular
160628,54,2011-02-01T00:00,PCdoB,Titular
74478,51,1999-02-01T00:00,PSL,Titular
73982,49,1991-02-01T00:00,PL*,
178931,55,2015-02-01T00:00,PSB,
74028,52,2003-02-01T00:00,PDT,Titular
160513,54,2011-02-01T00:00,PMDB,Titular
73777,49,1991-02-01T00:00,PRN,Titular
73545,50,1995-02-01T00:00,PT,Titular
178954,55,2015-02-01T00:00,PMDB,
141484,53,2007-02-01T00:00,PMDB,Titular
94931,54,2011-02-01T00:00,PMDB,Titular
73483,51,1999-02-01T00:00,PPB,Titular
204381,56,2019-02-01T00:00,DEM,
160510,54,2011-02-01T00:00,PTdoB,Titular
204410,56,2019-02-01T00:00,PTB,
74133,50,1995-02-01T00:00,PT,
204448,56,2019-02-01T00:00,DC,
160547,54,2011-02-01T00:00,PP**,Titular
74810,51,1999-02-01T00:00,PMDB,Titular
160645,54,2011-02-01T00:00,PSDB,Titular
73778,49,1991-02-01T00:00,PMDB,Titular
204485,56,2019-02-01T00:00,PR,
178802,54,2011-02-01T00:00,PSDC,
73546,49,1991-02-01T00:00,PMDB,Titular
141486,53,2007-02-01T00:00,PFL,Titular
74142,52,2003-02-01T00:00,PFL,Titular
178955,55,2015-02-01T00:00,PR,
74041,52,2003-02-01T00:00,PT,Titular
74521,49,1991-02-01T00:00,PSC,Titular
171618,54,2011-02-01T00:00,DEM,
74137,48,1987-02-01T00:00,PT,
141487,53,2007-02-01T00:00,PP**,Titular
160662,54,2011-02-01T00:00,PSDB,Titular
204543,56,2019-02-01T00:00,PSB,
178982,55,2015-02-01T00:00,PSB,
204455,56,2019-02-01T00:00,PSL,
162332,54,2011-02-01T00:00,PSDB,
161962,54,2011-02-01T00:00,PSB,
161906,54,2011-02-01T00:00,PMDB,
141489,53,2007-02-01T00:00,PSDB,Titular
204526,56,2019-02-01T00:00,PSL,
74427,49,1991-02-01T00:00,PSB,Titular
160550,54,2011-02-01T00:00,PMDB,Titular
141337,52,2003-02-01T00:00,PSDB,
74486,52,2003-02-01T00:00,PSB,
74688,51,1999-02-01T00:00,PT,Titular
74784,51,1999-02-01T00:00,PSB,Titular
204418,56,2019-02-01T00:00,PRB,
178866,55,2015-02-01T00:00,PT,
73936,52,2003-02-01T00:00,PL*,Titular
198198,55,2015-02-01T00:00,PPS,
178867,55,2015-02-01T00:00,PSL,
166402,54,2011-02-01T00:00,PTB,
74802,51,1999-02-01T00:00,PT,Titular
204458,56,2019-02-01T00:00,PSL,
178826,55,2015-02-01T00:00,PDT,
179587,56,2019-02-01T00:00,PSL,
160633,54,2011-02-01T00:00,DEM,Titular
74288,52,2003-02-01T00:00,PT,Titular
179382,54,2011-02-01T00:00,PDT,
141490,53,2007-02-01T00:00,PSB,Titular
74456,51,1999-02-01T00:00,PSDB,Titular
204469,56,2019-02-01T00:00,PRB,
171622,54,2011-02-01T00:00,PR,
141492,53,2007-02-01T00:00,PCdoB,Titular
160565,54,2011-02-01T00:00,PSDB,Titular
204471,56,2019-02-01T00:00,PSDB,
74124,50,1995-02-01T00:00,PMDB,
212749,56,2019-02-01T00:00,PR,
156190,56,2019-02-01T00:00,NOVO,
178821,54,2011-02-01T00:00,PSB,
74164,52,2003-02-01T00:00,PMDB,Titular
74157,52,2003-02-01T00:00,PMDB,Titular
160660,54,2011-02-01T00:00,PSC,Titular
146613,53,2007-02-01T00:00,PMDB,
179000,55,2015-02-01T00:00,PRP,
146788,55,2015-02-01T00:00,PHS,
73548,49,1991-02-01T00:00,PMDB,Titular
178932,55,2015-02-01T00:00,PP**,
205863,56,2019-02-01T00:00,PSL,
204433,56,2019-02-01T00:00,PPS,
74460,51,1999-02-01T00:00,PMDB,Titular
195826,55,2015-02-01T00:00,PR,
76874,56,2019-02-01T00:00,PSOL,
74143,52,2003-02-01T00:00,PFL,Titular
141495,53,2007-02-01T00:00,PMDB,Titular
76287,54,2011-02-01T00:00,PDT,Titular
141494,53,2007-02-01T00:00,PMDB,Titular
133810,56,2019-02-01T00:00,PTB,
204558,56,2019-02-01T00:00,PSB,
74278,52,2003-02-01T00:00,PV,Titular
204556,56,2019-02-01T00:00,PR,
141493,53,2007-02-01T00:00,PSB,Titular
118594,55,2015-02-01T00:00,PRB,
74300,50,1995-02-01T00:00,PMDB,Titular
221147,56,2019-02-01T00:00,MDB,
178983,55,2015-02-01T00:00,PR,
179001,55,2015-02-01T00:00,PMDB,
74363,51,1999-02-01T00:00,PMDB,Titular
221183,56,2019-02-01T00:00,PCdoB,
74860,50,1995-02-01T00:00,PSDB,Titular
141497,53,2007-02-01T00:00,PSB,Titular
81055,56,2019-02-01T00:00,PCdoB,
141496,53,2007-02-01T00:00,PFL,Titular
204452,56,2019-02-01T00:00,PSL,
160542,54,2011-02-01T00:00,PT,Titular
150418,53,2007-02-01T00:00,PR,
178899,55,2015-02-01T00:00,PSDB,
115899,53,2007-02-01T00:00,PR,
74744,50,1995-02-01T00:00,PP***,Titular
178942,55,2015-02-01T00:00,PMDB,
204522,56,2019-02-01T00:00,PSD,
219585,56,2019-02-01T00:00,PP,
133373,52,2003-02-01T00:00,PT,
160536,54,2011-02-01T00:00,PSDB,Titular
160535,54,2011-02-01T00:00,PT,Titular
74470,44,1971-02-01T00:00,MDB*,Titular
74279,52,2003-02-01T00:00,PFL,Titular
178880,55,2015-02-01T00:00,PPS,
141499,53,2007-02-01T00:00,PSC,Titular
204431,56,2019-02-01T00:00,MDB,
74479,51,1999-02-01T00:00,PTB,Titular
74745,47,1983-02-01T00:00,PMDB,
74634,49,1991-02-01T00:00,PRN,Titular
141500,53,2007-02-01T00:00,PFL,Titular
204011,55,2015-02-01T00:00,PSB,
204506,56,2019-02-01T00:00,PRB,
178852,55,2015-02-01T00:00,PSC,
167722,54,2011-02-01T00:00,PDT,
178850,55,2015-02-01T00:00,PMDB,
178943,55,2015-02-01T00:00,PR,
159238,54,2011-02-01T00:00,PSDB,Titular
74235,50,1995-02-01T00:00,PSDB,
205297,55,2015-02-01T00:00,PSD,
204430,56,2019-02-01T00:00,PP,
171619,54,2011-02-01T00:00,PT,
74586,51,1999-02-01T00:00,PT,Titular
74398,52,2003-02-01T00:00,PT,Titular
64960,52,2003-02-01T00:00,PMDB,Titular
74255,52,2003-02-01T00:00,PMDB,Titular
74587,51,1999-02-01T00:00,PMDB,Titular
176794,54,2011-02-01T00:00,PT,
204540,56,2019-02-01T00:00,PRB,
178956,55,2015-02-01T00:00,PSDB,
74485,52,2003-02-01T00:00,PT,
204428,56,2019-02-01T00:00,PT,
141505,53,2007-02-01T00:00,PPS,Titular
164361,54,2011-02-01T00:00,PT,
204432,56,2019-02-01T00:00,PTC,
178919,55,2015-02-01T00:00,PSB,
74177,50,1995-02-01T00:00,PSDB,Titular
74329,50,1995-02-01T00:00,PFL,
74747,47,1983-02-01T00:00,PMDB,Titular
168447,54,2011-02-01T00:00,PMDB,
74158,52,2003-02-01T00:00,PDT,Titular
74635,50,1995-02-01T00:00,PSDB,Titular
178858,55,2015-02-01T00:00,PP**,
121759,54,2011-02-01T00:00,PMDB,Titular
204403,56,2019-02-01T00:00,PDT,
181315,55,2015-02-01T00:00,PMDB,
204566,56,2019-02-01T00:00,PATRI,
178843,55,2015-02-01T00:00,PMDB,
179880,54,2011-02-01T00:00,PSL,
147653,53,2007-02-01T00:00,PFL,
179386,54,2011-02-01T00:00,PSB,
75431,54,2011-02-01T00:00,PTB,
74050,52,2003-02-01T00:00,PSB,Titular
73947,52,2003-02-01T00:00,PL*,Titular
74045,52,2003-02-01T00:00,PT,Titular
141506,53,2007-02-01T00:00,PR,Titular
73588,51,1999-02-01T00:00,PMDB,
204486,56,2019-02-01T00:00,PDT,
74749,50,1995-02-01T00:00,PFL,Titular
141507,53,2007-02-01T00:00,PMDB,Titular
141508,53,2007-02-01T00:00,PSB,Titular
74389,52,2003-02-01T00:00,PT,Titular
124411,55,2015-02-01T00:00,PMDB,
178827,54,2011-02-01T00:00,PTB,
73780,48,1987-02-01T00:00,PMDB,Titular
74786,51,1999-02-01T00:00,PFL,Titular
73904,50,1995-02-01T00:00,PMDB,Titular
74428,50,1995-02-01T00:00,PFL,Titular
74056,52,2003-02-01T00:00,PFL,Titular
188097,55,2015-02-01T00:00,PT,
73552,48,1987-02-01T00:00,PMDB,
65511,47,1983-02-01T00:00,PMDB,Titular
141509,53,2007-02-01T00:00,PT,Titular
73939,52,2003-02-01T00:00,PL*,Titular
178984,55,2015-02-01T00:00,PSDB,
178985,55,2015-02-01T00:00,PR,
141469,53,2007-02-01T00:00,PHS,Titular
74337,48,1987-02-01T00:00,PMDB,Titular
74483,52,2003-02-01T00:00,PTB,
92172,56,2019-02-01T00:00,PSB,
74787,51,1999-02-01T00:00,PMDB,Titular
154178,53,2007-02-01T00:00,PFL,
74690,51,1999-02-01T00:00,PDT,Titular
160644,54,2011-02-01T00:00,PT,Titular
74862,44,1971-02-01T00:00,MDB*,Titular
178895,55,2015-02-01T00:00,DEM,
160561,54,2011-02-01T00:00,PP**,Titular
74238,49,1991-02-01T00:00,PMDB,
178859,55,2015-02-01T00:00,PT,
139311,48,1987-02-01T00:00,PMDB,
195278,55,2015-02-01T00:00,PCdoB,
73984,50,1995-02-01T00:00,PTB,Titular
74034,52,2003-02-01T00:00,PMDB,Titular
74863,45,1975-02-01T00:00,MDB*,Titular
141537,53,2007-02-01T00:00,PPS,Titular
74457,49,1991-02-01T00:00,PDC,Titular
178997,55,2015-02-01T00:00,PPS,
74464,51,1999-02-01T00:00,PMDB,Titular
74375,52,2003-02-01T00:00,PFL,Titular
74318,48,1987-02-01T00:00,PFL,Titular
74108,50,1995-02-01T00:00,PSDB,
73499,48,1987-02-01T00:00,PDS,Titular
204453,56,2019-02-01T00:00,PT,
133372,52,2003-02-01T00:00,PMDB,
74491,52,2003-02-01T00:00,PT,
141510,53,2007-02-01T00:00,PPS,Titular
74225,40,1955-02-01T00:00,PSP,
218879,56,2019-02-01T00:00,PROS,
74038,52,2003-02-01T00:00,PPB,Titular
204449,56,2019-02-01T00:00,PSL,
73416,49,1991-02-01T00:00,PL*,Titular
141511,53,2007-02-01T00:00,PR,Titular
160567,52,2003-02-01T00:00,PSDB,Titular
73553,49,1991-02-01T00:00,PTB,Titular
73781,50,1995-02-01T00:00,PP***,Titular
193069,55,2015-02-01T00:00,PSD,
160566,54,2011-02-01T00:00,PSC,Titular
74571,51,1999-02-01T00:00,PT,Titular
73907,49,1991-02-01T00:00,PMDB,Titular
73761,49,1991-02-01T00:00,PTB,Titular
204415,56,2019-02-01T00:00,PSL,
146307,53,2007-02-01T00:00,PSDB,
74165,52,2003-02-01T00:00,PL*,Titular
141512,53,2007-02-01T00:00,PP**,Titular
74790,51,1999-02-01T00:00,PDT,Titular
74750,46,1979-02-01T00:00,MDB*,Titular
178896,55,2015-02-01T00:00,PMDB,
160657,54,2011-02-01T00:00,PT,Titular
204384,56,2019-02-01T00:00,PSD,
74327,45,1975-02-01T00:00,ARENA,Titular
74369,52,2003-02-01T00:00,PT,Titular
74447,51,1999-02-01T00:00,PFL,Titular
74080,49,1991-02-01T00:00,PMDB,Titular
204479,56,2019-02-01T00:00,PSL,
160564,54,2011-02-01T00:00,PMDB,Titular
73594,51,1999-02-01T00:00,PFL,
74751,49,1991-02-01T00:00,PT,Titular
214445,56,2019-02-01T00:00,PP,
166401,54,2011-02-01T00:00,PSDB,
74365,51,1999-02-01T00:00,PT,Titular
74352,51,1999-02-01T00:00,PSDB,Titular
178986,55,2015-02-01T00:00,PT,
74776,49,1991-02-01T00:00,PMDB,Titular
74359,51,1999-02-01T00:00,PTB,Titular
194260,55,2015-02-01T00:00,PRP,
66179,55,2015-02-01T00:00,DEM,
216198,56,2019-02-01T00:00,PSDB,
74159,52,2003-02-01T00:00,PT,Titular
74752,49,1991-02-01T00:00,PRN,Titular
73782,50,1995-02-01T00:00,PDT,Titular
178868,55,2015-02-01T00:00,PT,
74005,49,1991-02-01T00:00,PRN,Titular
204498,56,2019-02-01T00:00,DEM,
73464,51,1999-02-01T00:00,PPB,Titular
160563,54,2011-02-01T00:00,DEM,Titular
74399,52,2003-02-01T00:00,PFL,Titular
73684,51,1999-02-01T00:00,PT,
73603,51,1999-02-01T00:00,PT,
178987,55,2015-02-01T00:00,PCdoB,
204363,56,2019-02-01T00:00,PSC,
74753,49,1991-02-01T00:00,PSDB,Titular
180545,55,2015-02-01T00:00,DEM,
141514,53,2007-02-01T00:00,PCdoB,Titular
73463,51,1999-02-01T00:00,PMDB,Titular
73692,51,1999-02-01T00:00,PMDB,
73660,49,1991-02-01T00:00,PFL,Titular
204422,56,2019-02-01T00:00,PRB,
73909,50,1995-02-01T00:00,PTB,Titular
74430,43,1967-02-01T00:00,ARENA,Titular
202063,55,2015-02-01T00:00,SD,
74191,49,1991-02-01T00:00,PDC,Titular
204475,56,2019-02-01T00:00,SOLIDARIEDADE,
141515,53,2007-02-01T00:00,PSDB,Titular
204441,56,2019-02-01T00:00,PSC,
160540,54,2011-02-01T00:00,PRB,Titular
204573,56,2019-02-01T00:00,PSD,
160650,54,2011-02-01T00:00,PDT,Titular
160556,54,2011-02-01T00:00,PT,Titular
160670,54,2011-02-01T00:00,PT,Titular
154417,53,2007-02-01T00:00,PTC,
74319,48,1987-02-01T00:00,PFL,Titular
74444,51,1999-02-01T00:00,PPB,Titular
160642,54,2011-02-01T00:00,PSB,Titular
74046,52,2003-02-01T00:00,PSB,Titular
73921,52,2003-02-01T00:00,PTB,Titular
193982,55,2015-02-01T00:00,DEM,
141491,53,2007-02-01T00:00,PTB,Titular
160601,54,2011-02-01T00:00,PSC,Titular
74032,52,2003-02-01T00:00,PTB,Titular
62926,52,2003-02-01T00:00,PTB,Titular
204553,56,2019-02-01T00:00,AVANTE,
205535,56,2019-02-01T00:00,PR,
218741,56,2019-02-01T00:00,PSDB,
74160,52,2003-02-01T00:00,PT,Titular
74095,49,1991-02-01T00:00,PDC,Titular
204377,56,2019-02-01T00:00,PPS,
171617,54,2011-02-01T00:00,PT,
141518,53,2007-02-01T00:00,PDT,Titular
141516,53,2007-02-01T00:00,PSDB,Titular
74390,52,2003-02-01T00:00,PMDB,Titular
178860,55,2015-02-01T00:00,DEM,
74692,51,1999-02-01T00:00,PSB,Titular
73882,49,1991-02-01T00:00,PDS,Titular
204538,56,2019-02-01T00:00,PTB,
73784,49,1991-02-01T00:00,PT,Titular
73883,50,1995-02-01T00:00,PFL,Titular
160668,54,2011-02-01T00:00,DEM,Titular
74754,48,1987-02-01T00:00,PT,Titular
193726,55,2015-02-01T00:00,PSC,
74017,50,1995-02-01T00:00,PSDB,
109372,54,2011-02-01T00:00,PT,
160517,54,2011-02-01T00:00,PSB,Titular
160558,54,2011-02-01T00:00,PR,Titular
204461,56,2019-02-01T00:00,NOVO,
73485,51,1999-02-01T00:00,PTB,Titular
204492,56,2019-02-01T00:00,PT,
141517,53,2007-02-01T00:00,PMDB,Titular
73612,46,1979-02-01T00:00,PMDB,Titular
74791,51,1999-02-01T00:00,PSDB,Titular
73555,49,1991-02-01T00:00,PFL,
74574,51,1999-02-01T00:00,PFL,Titular
132056,47,1983-02-01T00:00,PDS,Titular
74448,49,1991-02-01T00:00,PSC,Titular
128760,54,2011-02-01T00:00,PMDB,
141519,53,2007-02-01T00:00,PPS,Titular
74400,52,2003-02-01T00:00,PT,Titular
133968,48,1987-02-01T00:00,PMDB,Titular
141520,53,2007-02-01T00:00,PSDB,Titular
141521,53,2007-02-01T00:00,PTB,Titular
74082,49,1991-02-01T00:00,PT,Titular
74047,52,2003-02-01T00:00,PT,Titular
160658,54,2011-02-01T00:00,PT,Titular
141488,53,2007-02-01T00:00,PT,Titular
216544,56,2019-02-01T00:00,PSD,
160593,54,2011-02-01T00:00,PV,Titular
215045,56,2019-02-01T00:00,PSD,
90201,56,2019-02-01T00:00,PTB,
73672,48,1987-02-01T00:00,PFL,Titular
74812,51,1999-02-01T00:00,PMDB,Titular
74431,46,1979-02-01T00:00,ARENA,Titular
178912,55,2015-02-01T00:00,PSDB,
74556,51,1999-02-01T00:00,PSB,Titular
74449,51,1999-02-01T00:00,PSD*,Titular
174314,54,2011-02-01T00:00,DEM,
74111,50,1995-02-01T00:00,PDT,
74637,49,1991-02-01T00:00,PRN,Titular
122974,56,2019-02-01T00:00,PTB,
204395,56,2019-02-01T00:00,DEM,
74207,47,1983-02-01T00:00,PMDB,
122158,54,2011-02-01T00:00,PMDB,Titular
73455,51,1999-02-01T00:00,PFL,Titular
160604,54,2011-02-01T00:00,PT,Titular
74102,49,1991-02-01T00:00,PFL,Titular
178844,55,2015-02-01T00:00,PSDB,
204406,56,2019-02-01T00:00,PP,
73673,50,1995-02-01T00:00,PT,Titular
80920,54,2011-02-01T00:00,PV,Titular
141445,53,2007-02-01T00:00,PT,Titular
73943,52,2003-02-01T00:00,PCdoB,Titular
74756,49,1991-02-01T00:00,PTB,
204524,56,2019-02-01T00:00,PP,
74304,49,1991-02-01T00:00,PMDB,Titular
179384,54,2011-02-01T00:00,PT,
141465,53,2007-02-01T00:00,PSDB,Titular
172711,54,2011-02-01T00:00,DEM,
162174,54,2011-02-01T00:00,PT,
204529,56,2019-02-01T00:00,PR,
195997,55,2015-02-01T00:00,PPS,
73486,51,1999-02-01T00:00,PDT,Titular
160639,54,2011-02-01T00:00,DEM,Titular
200153,55,2015-02-01T00:00,PMDB,
170673,54,2011-02-01T00:00,PSC,
204390,56,2019-02-01T00:00,PP,
74280,52,2003-02-01T00:00,PRONA,Titular
204383,56,2019-02-01T00:00,PV,
204446,56,2019-02-01T00:00,PSL,
74792,51,1999-02-01T00:00,PT,Titular
141538,53,2007-02-01T00:00,PSDB,Titular
141543,53,2007-02-01T00:00,PMDB,Titular
148134,53,2007-02-01T00:00,PMDB,
204565,56,2019-02-01T00:00,PSL,
160641,54,2011-02-01T00:00,PT,Titular
74370,52,2003-02-01T00:00,PSDB,Titular
204467,56,2019-02-01T00:00,PT,
74035,52,2003-02-01T00:00,PCdoB,Titular
159259,53,2007-02-01T00:00,PSDB,
215361,56,2019-02-01T00:00,PT,
74590,51,1999-02-01T00:00,PSDB,Titular
178951,55,2015-02-01T00:00,PROS,
216313,56,2019-02-01T00:00,PSDB,
160516,54,2011-02-01T00:00,PMDB,Titular
204567,56,2019-02-01T00:00,PRP,
74216,50,1995-02-01T00:00,PSDB,
74084,50,1995-02-01T00:00,PPR,Titular
178998,55,2015-02-01T00:00,PSC,
141403,53,2007-02-01T00:00,PPS,Titular
141523,53,2007-02-01T00:00,PMDB,Titular
74048,52,2003-02-01T00:00,PMDB,Titular
160656,54,2011-02-01T00:00,PP**,Titular
141525,53,2007-02-01T00:00,PP**,Titular
73574,51,1999-02-01T00:00,PMDB,
74161,52,2003-02-01T00:00,PT,Titular
73556,50,1995-02-01T00:00,PSDB,Titular
89282,54,2011-02-01T00:00,PDT,Titular
160615,54,2011-02-01T00:00,PSDB,Titular
74256,52,2003-02-01T00:00,PSDC,Titular
73693,51,1999-02-01T00:00,PMDB,
141526,53,2007-02-01T00:00,PDT,Titular
73786,46,1979-02-01T00:00,ARENA,Titular
205865,56,2019-02-01T00:00,PSD,
178925,55,2015-02-01T00:00,PT,
74208,50,1995-02-01T00:00,PMDB,Titular
178960,55,2015-02-01T00:00,PR,
160623,54,2011-02-01T00:00,PMDB,Titular
178989,55,2015-02-01T00:00,PTN,
141528,53,2007-02-01T00:00,PSDB,Titular
171620,54,2011-02-01T00:00,PP**,
74166,52,2003-02-01T00:00,PSB,Titular
74257,52,2003-02-01T00:00,PSC,Titular
141527,53,2007-02-01T00:00,PP**,Titular
214477,56,2019-02-01T00:00,MDB,
211498,56,2019-02-01T00:00,PSD,
175212,54,2011-02-01T00:00,PT,
73801,49,1991-02-01T00:00,PCdoB,Titular
160654,54,2011-02-01T00:00,PP**,Titular
169553,54,2011-02-01T00:00,PMDB,
172945,54,2011-02-01T00:00,PSC,
73788,50,1995-02-01T00:00,PFL,Titular
195581,55,2015-02-01T00:00,PRB,
74793,51,1999-02-01T00:00,PT,Titular
215042,56,2019-02-01T00:00,PATRI,
74557,44,1971-02-01T00:00,ARENA,Titular
204362,56,2019-02-01T00:00,PSD,
73557,48,1987-02-01T00:00,PFL,Titular
160655,54,2011-02-01T00:00,PV,Titular
211649,56,2019-02-01T00:00,PSL,
150634,53,2007-02-01T00:00,PR,
74023,50,1995-02-01T00:00,PMDB,
140241,52,2003-02-01T00:00,PSDB,
213274,56,2019-02-01T00:00,PSB,
178920,55,2015-02-01T00:00,PTB,
141472,53,2007-02-01T00:00,PSDB,Titular
73490,51,1999-02-01T00:00,PSDB,
74777,48,1987-02-01T00:00,PMDB,Titular
204489,56,2019-02-01T00:00,PDT,
64224,52,2003-02-01T00:00,PFL,Titular
73674,48,1987-02-01T00:00,PDC,Titular
74758,48,1987-02-01T00:00,PMDB,Titular
141529,53,2007-02-01T00:00,PP**,Titular
160653,54,2011-02-01T00:00,PV,Titular
161903,54,2011-02-01T00:00,PP**,
73805,46,1979-02-01T00:00,MDB*,Titular
178995,55,2015-02-01T00:00,PDT,
74281,52,2003-02-01T00:00,PT,Titular
73420,47,1983-02-01T00:00,PTB,Titular
74433,49,1991-02-01T00:00,PFL,Titular
74305,50,1995-02-01T00:00,PFL,Titular
74209,50,1995-02-01T00:00,PMDB,Titular
178944,55,2015-02-01T00:00,PRB,
141473,53,2007-02-01T00:00,PV,Titular
160652,54,2011-02-01T00:00,PP**,Titular
91208,55,2015-02-01T00:00,PT,
73558,49,1991-02-01T00:00,PL*,Titular
178840,55,2015-02-01T00:00,PSDB,
141532,53,2007-02-01T00:00,PMDB,Titular
141530,53,2007-02-01T00:00,PFL,Titular
204530,56,2019-02-01T00:00,PSB,
152865,53,2007-02-01T00:00,PMDB,
204366,56,2019-02-01T00:00,PSB,
141531,53,2007-02-01T00:00,PSDB,Titular
88950,54,2011-02-01T00:00,DEM,Titular
74693,51,1999-02-01T00:00,PFL,Titular
178926,55,2015-02-01T00:00,PSB,
178897,55,2015-02-01T00:00,PMDB,
141533,53,2007-02-01T00:00,PSB,Titular
160568,54,2011-02-01T00:00,PT,Titular
204480,56,2019-02-01T00:00,PT,
141534,53,2007-02-01T00:00,PFL,Titular
141535,53,2007-02-01T00:00,PSB,Titular
160426,53,2007-02-01T00:00,PMDB,
73651,50,1995-02-01T00:00,PPR,Titular
198963,55,2015-02-01T00:00,PROS,
74051,52,2003-02-01T00:00,PFL,Titular
74640,50,1995-02-01T00:00,PL*,Titular
167707,54,2011-02-01T00:00,DEM,
160597,54,2011-02-01T00:00,PSB,Titular
74759,49,1991-02-01T00:00,PRN,Titular
160629,54,2011-02-01T00:00,PSDB,Titular
74591,51,1999-02-01T00:00,PSDB,Titular
74306,50,1995-02-01T00:00,PSDB,Titular
141536,53,2007-02-01T00:00,PSDB,Titular
160515,54,2011-02-01T00:00,PMDB,Titular
74813,49,1991-02-01T00:00,PSD*,Titular
178861,55,2015-02-01T00:00,PP**,
73421,48,1987-02-01T00:00,PMDB,Titular
74042,52,2003-02-01T00:00,PSDB,Titular
73948,52,2003-02-01T00:00,PSDB,Titular
160637,54,2011-02-01T00:00,PR,Titular
151214,53,2007-02-01T00:00,PHS,
178845,55,2015-02-01T00:00,PDT,
122466,55,2015-02-01T00:00,PRB,
163321,54,2011-02-01T00:00,PTB,
74592,51,1999-02-01T00:00,PL*,Titular
160594,54,2011-02-01T00:00,PT,Titular
178870,55,2015-02-01T00:00,PMDB,
74184,49,1991-02-01T00:00,PMDB,Titular
204525,56,2019-02-01T00:00,PSB,
160614,54,2011-02-01T00:00,PV,Titular
191684,55,2015-02-01T00:00,PDT,
178945,55,2015-02-01T00:00,PRB,
73507,48,1987-02-01T00:00,PMDB,Titular
204357,56,2019-02-01T00:00,PSDB,
146949,54,2011-02-01T00:00,PTdoB,Titular
178935,55,2015-02-01T00:00,PSDB,
73466,49,1991-02-01T00:00,PSDB,Titular
74371,52,2003-02-01T00:00,PT,Titular
178887,55,2015-02-01T00:00,PCdoB,
74482,52,2003-02-01T00:00,PT,
104254,54,2011-02-01T00:00,PT,Titular
73604,51,1999-02-01T00:00,PT,
221157,56,2019-02-01T00:00,PSL,
76420,54,2011-02-01T00:00,PSDB,Titular
160635,54,2011-02-01T00:00,PSDB,Titular
141522,53,2007-02-01T00:00,PTB,Titular
160630,54,2011-02-01T00:00,PT,Titular
74434,48,1987-02-01T00:00,PFL,Titular
160520,53,2007-02-01T00:00,PFL,
73559,50,1995-02-01T00:00,PSDB,Titular
204535,56,2019-02-01T00:00,PSOL,
178990,55,2015-02-01T00:00,PSDB,
204416,56,2019-02-01T00:00,PSL,
74372,52,2003-02-01T00:00,PPB,Titular
74039,52,2003-02-01T00:00,PMDB,Titular
160621,54,2011-02-01T00:00,PPS,Titular
73676,50,1995-02-01T00:00,PMDB,Titular
74258,52,2003-02-01T00:00,PSB,Titular
90842,56,2019-02-01T00:00,PTB,
74762,50,1995-02-01T00:00,PMDB,Titular
219599,56,2019-02-01T00:00,PODE,
204387,56,2019-02-01T00:00,PSD,
74210,47,1983-02-01T00:00,PDS,Titular
149293,53,2007-02-01T00:00,PSDB,
204399,56,2019-02-01T00:00,PP,
141539,53,2007-02-01T00:00,PDT,Titular
74211,50,1995-02-01T00:00,PSDB,Titular
178921,55,2015-02-01T00:00,PR,
74403,52,2003-02-01T00:00,PT,Efetivado
73885,50,1995-02-01T00:00,PDT,Titular
74533,50,1995-02-01T00:00,PDT,Titular
73808,48,1987-02-01T00:00,PFL,Titular
74497,52,2003-02-01T00:00,PPB,
74360,51,1999-02-01T00:00,PSDB,Titular
74435,49,1991-02-01T00:00,PSB,Titular
74763,49,1991-02-01T00:00,PCdoB,
141542,53,2007-02-01T00:00,PTB,Titular
141541,53,2007-02-01T00:00,PMN,Titular
178991,55,2015-02-01T00:00,PRB,
178933,55,2015-02-01T00:00,PMDB,
204438,56,2019-02-01T00:00,PR,
178874,55,2015-02-01T00:00,PDT,
160612,54,2011-02-01T00:00,PDT,Titular
74641,50,1995-02-01T00:00,PDT,Titular
74436,50,1995-02-01T00:00,PFL,Titular
167614,54,2011-02-01T00:00,PSB,
204437,56,2019-02-01T00:00,PRB,
178961,55,2015-02-01T00:00,PSDB,
160613,54,2011-02-01T00:00,PT,Titular
204557,56,2019-02-01T00:00,PSD,
73718,48,1987-02-01T00:00,PMDB,Titular
74765,50,1995-02-01T00:00,PMDB,Titular
74356,51,1999-02-01T00:00,PL*,Titular
187008,55,2015-02-01T00:00,PR,
204360,56,2019-02-01T00:00,PDT,
141545,53,2007-02-01T00:00,PFL,Titular
4930,53,2007-02-01T00:00,PMN,
204425,56,2019-02-01T00:00,PRB,
73998,50,1995-02-01T00:00,PSDB,
73560,50,1995-02-01T00:00,PSDB,Titular
73424,46,1979-02-01T00:00,ARENA,Titular
178911,55,2015-02-01T00:00,PMDB,
168175,54,2011-02-01T00:00,PPS,
74492,52,2003-02-01T00:00,PT,
74085,49,1991-02-01T00:00,PCdoB,Titular
141547,53,2007-02-01T00:00,PMDB,Titular
141546,53,2007-02-01T00:00,PFL,Titular
178946,55,2015-02-01T00:00,PMDB,
178947,55,2015-02-01T00:00,PSD,
92776,54,2011-02-01T00:00,PSC,
160627,54,2011-02-01T00:00,PPS,Titular
177282,54,2011-02-01T00:00,PV,
141548,53,2007-02-01T00:00,PDT,Titular
141549,53,2007-02-01T00:00,PR,Titular
73922,52,2003-02-01T00:00,PFL,Titular
204534,56,2019-02-01T00:00,PDT,
178922,55,2015-02-01T00:00,PSB,
74806,51,1999-02-01T00:00,PMDB,Titular
74385,52,2003-02-01T00:00,PSB,Titular
204464,56,2019-02-01T00:00,PSOL,
73577,51,1999-02-01T00:00,PT,
74289,52,2003-02-01T00:00,PTB,Titular
160679,54,2011-02-01T00:00,PT,Titular
206231,56,2019-02-01T00:00,PSB,
73561,50,1995-02-01T00:00,PT,Titular
169711,54,2011-02-01T00:00,PSDB,
178898,55,2015-02-01T00:00,PSB,
160608,49,1991-02-01T00:00,PDS,Titular
178901,55,2015-02-01T00:00,PSB,
204466,56,2019-02-01T00:00,PSDB,
74029,52,2003-02-01T00:00,PT,Titular
73652,50,1995-02-01T00:00,PMDB,Titular
134116,52,2003-02-01T00:00,PMDB,
74286,52,2003-02-01T00:00,PSDB,Titular
74461,51,1999-02-01T00:00,PMDB,Titular
180018,56,2019-02-01T00:00,PODE,
160617,54,2011-02-01T00:00,PMDB,Titular
178862,55,2015-02-01T00:00,PRB,
219568,56,2019-02-01T00:00,PSB,
143084,56,2019-02-01T00:00,SOLIDARIEDADE,
204519,56,2019-02-01T00:00,NOVO,
160976,54,2011-02-01T00:00,PR,Titular
197438,56,2019-02-01T00:00,AVANTE,
141382,53,2007-02-01T00:00,PFL,Titular
160611,54,2011-02-01T00:00,PP**,Titular
178934,55,2015-02-01T00:00,PT,
216545,56,2019-02-01T00:00,PDT,
157130,56,2019-02-01T00:00,PDT,
178863,55,2015-02-01T00:00,PTC,
73809,48,1987-02-01T00:00,PMDB,Titular
141551,53,2007-02-01T00:00,PSDB,Titular
73564,49,1991-02-01T00:00,PRN,Titular
195866,55,2015-02-01T00:00,PSDC,
194340,55,2015-02-01T00:00,PRTB,
141384,53,2007-02-01T00:00,PSB,Titular
73565,49,1991-02-01T00:00,PL*,Titular
74070,49,1991-02-01T00:00,PTB,Titular
204385,56,2019-02-01T00:00,PSC,
74010,48,1987-02-01T00:00,PMDB,
162490,54,2011-02-01T00:00,PSDB,
160610,54,2011-02-01T00:00,PT,Titular
113247,55,2015-02-01T00:00,PT,
169868,54,2011-02-01T00:00,PRP,
141552,53,2007-02-01T00:00,PSB,Titular
74376,52,2003-02-01T00:00,PT,Titular
74282,52,2003-02-01T00:00,PRONA,Titular
141553,53,2007-02-01T00:00,PSDB,Titular
167617,54,2011-02-01T00:00,PT,
74357,51,1999-02-01T00:00,PCdoB,Titular
204505,56,2019-02-01T00:00,PRB,
160595,54,2011-02-01T00:00,PSDB,Titular
141524,53,2007-02-01T00:00,PMDB,Titular
178913,55,2015-02-01T00:00,PMDB,
204396,56,2019-02-01T00:00,PSD,
74087,50,1995-02-01T00:00,PFL,Titular
74308,50,1995-02-01T00:00,PSDB,Titular
160622,54,2011-02-01T00:00,PT,Titular
73566,50,1995-02-01T00:00,PL*,Titular
137759,52,2003-02-01T00:00,PMDB,
159258,53,2007-02-01T00:00,PSB,
74283,52,2003-02-01T00:00,PT,Titular
141554,53,2007-02-01T00:00,PR,Titular
137070,55,2015-02-01T00:00,PSB,
178888,55,2015-02-01T00:00,PV,
159257,53,2007-02-01T00:00,PSDB,
141400,53,2007-02-01T00:00,PDT,Titular
74259,52,2003-02-01T00:00,PMDB,Titular
74391,52,2003-02-01T00:00,PT,Titular
163322,54,2011-02-01T00:00,PRB,
73677,49,1991-02-01T00:00,PFL,
141870,53,2007-02-01T00:00,PP**,Titular
204483,56,2019-02-01T00:00,PSB,
141555,53,2007-02-01T00:00,PTdoB,Titular
204478,56,2019-02-01T00:00,MDB,
160591,54,2011-02-01T00:00,PRTB,Titular
204532,56,2019-02-01T00:00,NOVO,
74593,48,1987-02-01T00:00,PT,Titular
141556,53,2007-02-01T00:00,PMDB,Titular
178992,55,2015-02-01T00:00,PSDB,
92355,54,2011-02-01T00:00,PRB,Titular
141557,53,2007-02-01T00:00,PFL,Titular
178869,55,2015-02-01T00:00,PMDB,
74768,49,1991-02-01T00:00,PSDB,Titular
215044,56,2019-02-01T00:00,PSOL,
189593,55,2015-02-01T00:00,PT,
137853,54,2011-02-01T00:00,PCdoB,
65551,47,1983-02-01T00:00,PMDB,Titular
73456,51,1999-02-01T00:00,PMDB,Titular
160569,54,2011-02-01T00:00,PT,Titular
141558,53,2007-02-01T00:00,PSB,Titular
141559,53,2007-02-01T00:00,PSDB,Titular
160631,54,2011-02-01T00:00,PTB,Titular
178952,55,2015-02-01T00:00,PMDB,
133370,52,2003-02-01T00:00,PSDB,
148295,53,2007-02-01T00:00,PFL,
74284,52,2003-02-01T00:00,PSDB,Titular
141560,53,2007-02-01T00:00,PFL,Titular
74218,50,1995-02-01T00:00,PT,
160609,54,2011-02-01T00:00,PMN,Titular
141561,53,2007-02-01T00:00,PSDB,Titular
204760,55,2015-02-01T00:00,PDT,
74490,52,2003-02-01T00:00,PT,
160620,54,2011-02-01T00:00,PMDB,Titular
74481,52,2003-02-01T00:00,PT,
73653,49,1991-02-01T00:00,PL*,Titular
160518,54,2011-02-01T00:00,PT,Titular
74043,52,2003-02-01T00:00,PL*,Titular
179387,54,2011-02-01T00:00,PMDB,
167493,54,2011-02-01T00:00,PDT,
160586,54,2011-02-01T00:00,PSDB,Titular
141563,53,2007-02-01T00:00,PSDB,Titular
193066,55,2015-02-01T00:00,PMDB,
74414,43,1967-02-01T00:00,ARENA,Titular
73991,50,1995-02-01T00:00,PMDB,Titular
160636,54,2011-02-01T00:00,PMDB,Titular
154996,53,2007-02-01T00:00,PDT,
74044,52,2003-02-01T00:00,PMDB,Titular
74801,51,1999-02-01T00:00,PMDB,Titular
73930,52,2003-02-01T00:00,PMDB,Titular
204463,56,2019-02-01T00:00,PRP,
182146,56,2019-02-01T00:00,PV,
74439,50,1995-02-01T00:00,PDT,Titular
74797,51,1999-02-01T00:00,PSDB,Titular
199809,55,2015-02-01T00:00,PDT,
73992,50,1995-02-01T00:00,PSDB,Titular
74496,52,2003-02-01T00:00,PT,
191945,55,2015-02-01T00:00,PMDB,
178889,55,2015-02-01T00:00,PT,
168253,54,2011-02-01T00:00,PP**,
73931,52,2003-02-01T00:00,PT,Titular
74309,50,1995-02-01T00:00,PSDB,Titular
73932,52,2003-02-01T00:00,PPB,Titular
204559,56,2019-02-01T00:00,PT,
160632,54,2011-02-01T00:00,PDT,Titular
204517,56,2019-02-01T00:00,PMN,
178923,55,2015-02-01T00:00,PTB,
160592,54,2011-02-01T00:00,PT,Titular
178902,55,2015-02-01T00:00,PT,
74144,52,2003-02-01T00:00,PFL,Titular
178949,55,2015-02-01T00:00,PR,
74354,51,1999-02-01T00:00,PSDB,Titular
73933,52,2003-02-01T00:00,PTB,Titular
74145,52,2003-02-01T00:00,PT,Titular
73944,52,2003-02-01T00:00,PT,Titular
160625,54,2011-02-01T00:00,PR,Titular
74392,52,2003-02-01T00:00,PPB,Titular
73645,50,1995-02-01T00:00,PSDB,Titular
160651,54,2011-02-01T00:00,PMDB,Titular
